興隆路二段96巷,121.54982,25.000835
秀明路二段112巷,121.576866,24.990576
木柵路四段萬芳交流道,121.576828,25.000317
和平東四段295巷,121.573151,25.000683
木柵路四段21巷(名人山莊),121.571388,24.992952
木柵路四段9巷(新光河山),121.5712568,24.99242244
和平東四段352、383巷,121.574158,24.999075
木柵路四段秀明路二段(萬壽橋),121.571129,24.991682
木柵路四段萬芳路,121.571754,24.994911
木柵路四段33巷,121.5716527,24.99431314
木柵路四段和平東四段,121.57457,24.998159
木柵路四段木柵高工,121.572166,24.995991
木柵路四段159巷,121.575623,24.999769
木柵路四段111巷,121.573517,24.997173
木柵路三段木新路一段,121.570862,24.990622
木柵路三段木柵國小,121.5702128,24.99018396
木新路一段指南路一段,121.570671,24.987774
木新路二段永安街,121.5706949,24.98656865
指南路一段保儀路,121.568626,24.987623
辛亥路四段77巷,121.558708,25.007374
辛亥路四段101巷,121.558754,25.006706
辛亥路四段萬美街二段,121.558182,25.006065
辛亥路四段130巷,121.5570047,25.00484473
辛亥路四段166巷,121.5563565,25.00364411
辛亥路四段222巷,121.55545,25.002186
興隆路二段辛亥路四段,121.554626,25.000799
興隆路三段海岸巡防署,121.559647,24.99535
興隆路三段229巷,121.559128,24.993452
興隆路三段255、304巷,121.558754,24.992701
興隆路四段1巷,121.5589088,24.99114728
興隆路四段再興中學,121.5592145,24.99052221
羅斯福六段三福街,121.5411,24.995947
興隆路四段57巷,121.559822,24.989498
木柵路二段興隆路四段,121.560144,24.98875206
興隆路三段萬芳路,121.559952,24.996784
興隆路三段萬芳醫院,121.557419,24.999348
興隆路三段萬芳國中,121.558006,24.998989
秀明路二段萬壽路,121.577019,24.988665
木柵路三段保儀路,121.56855,24.988859
木柵路三段102巷,121.567459,24.988674
木柵路三段48巷,121.565277,24.988394
興隆路四段46、105巷,121.5605418,24.98766294
指南路二段萬壽路(單閃),121.5756935,24.98766618
指南路二段政治大學,121.576141,24.987576
指南路二段147巷,121.5772121,24.98736533
指南路二段66巷,121.578255,24.987118
辛亥路五段25巷中國科技大學,121.555557,24.999346
興隆路3段36巷辛亥路5段25巷,121.5549951,24.99954991
辛亥路五段25巷,121.554176,24.999886
興隆路三段57、58巷,121.5559912,25.00019085
木柵路二段54巷,121.559006,24.988731
木柵路二段2巷,121.557777,24.988693
木柵路二段光輝路,121.555082,24.9881728
木柵路二段富山路,121.553802,24.988012
木柵路一段辛亥路六段,121.552383,24.987755
木柵路一段191巷,121.5513177,24.98764542
木柵路一段試院路(東),121.5498924,24.98743112
木柵路一段試院路(西),121.54894,24.9872454
木柵路一段58、89巷,121.54734,24.986973
木柵路一段和興路,121.546036,24.986744
木柵路一段萬善橋頭(景美溪橋),121.545349,24.986725
木柵路一段世新專校,121.543877,24.988514
木柵路一段景興路,121.542145,24.988302
木柵路一段景文街(舊橋),121.540871,24.988348
景文街景美國小,121.540977,24.989714
景文街景中街,121.541344,24.992933
景中街景後街,121.543373,24.992748
景華街景興路,121.5446714,24.99509601
景興路46巷,121.5446726,24.99612085
景興路46巷三福街4巷,121.5428321,24.99603154
景興路153巷,121.544582,24.9937794
景中街景興路,121.5441674,24.99257825
景興路景興國中,121.544662,24.996941
興隆路二段靜心小學,121.546593,24.999067
興隆路二段153巷,121.548561,25.000309
羅斯福六段滬江中學,121.539635,24.989981
羅斯福六段鳴遠橋下,121.5396176,24.98852895
羅斯福六段育英街,121.539665,24.990269
木新路二段恆光街,121.566734,24.983288
恆光街恆光橋,121.5670444,24.98250143
木新路二段161巷,121.568771,24.984007
木新路二段保儀路,121.565285,24.98278
興隆路四段木新路三段,121.562531,24.982155
木新路三段50巷,121.564209,24.982519
和平東四段萬寧街,121.567764,25.005089
和平東四段67號(名門翠堤),121.566963,25.005651
新光路二段纜車站,121.5764045,24.99644244
新光路二段服務中心,121.5779861,24.99741645
新光路二段動物園,121.5801006,24.99864207
辛亥路六段86巷,121.552406,24.988844
景興路243巷,121.5434343,24.9910289
景興路261巷,121.5431652,24.99057966
景興路202巷,121.543762,24.991619
秀明路一段103巷,121.566437,24.990688
秀明路一段191巷,121.5698007,24.99168948
秀明路一段185巷,121.5682685,24.99150847
秀明路一段久康街135巷,121.566483,24.99058
秀明路一段久康街,121.564941,24.989773
木柵路二段秀明路一段,121.563171,24.989035
指南路二段新光路一段,121.573662,24.988092
新光路一段32巷,121.5736942,24.98873668
新光路一段159巷,121.573715,24.992601
秀明路二段新光路,121.5737,24.991663
秀明路二段7巷,121.5748857,24.99185487
指南路三段政大一街,121.579819,24.985806
指南路三段指南國小,121.583633,24.976482
指南路三段2巷,121.579933,24.985325
木柵路五段萬福橋,121.583969,25.002934
木柵路五段21巷(風動石),121.581017,25.001968
木柵路五段53號,121.586594,25.003124
木柵路五段66號,121.589111,25.001163
木柵路五段指南停車場,121.59166,24.998957
木柵路五段二高橋下,121.594429,24.999054
木柵路五段文和橋,121.595024,25.001856
新光路三段文和橋,121.5963557,25.0012563
萬芳路44號,121.570816,24.996796
萬芳路萬和街,121.569069,24.998772
萬芳路萬利街,121.566948,24.999083
萬芳路103號,121.5621077,24.99730133
萬樂街萬芳國小,121.566798,25.00011325
和平東四段萬美街一段,121.571915,25.002356
萬美街一段47號,121.5686699,25.00245014
萬美街一段萬和街,121.566788,25.002113
萬和街萬芳國小,121.567657,25.001373
萬美街一段萬樂街,121.565636,25.001476
萬美街二段21巷公訓中心,121.56179,25.002045
萬美街二段興德路,121.558754,25.005774
萬美街二段靈糧山莊旁,121.559929,25.005686
萬美街二段49號,121.564323,25.00547
萬美街二段萬寧街,121.5629086,25.0034606
木新路三段一壽街,121.556412,24.98052
木新路三段155、172巷,121.561081,24.981789
木新路三段200號,121.559967,24.981453
木新路三段278巷,121.55912,24.981215
木新路三段樟新路,121.554893,24.980202
木新路三段寶橋路,121.55397,24.97998
辛亥路七段26巷,121.5533382,24.98618019
辛亥路七段20巷,121.5531428,24.98659164
辛亥路七段光輝路50巷,121.554283,24.984852
辛亥路七段忠順街一段,121.554062,24.983185
辛亥路七段76巷,121.5537046,24.98197852
羅斯福五段景隆街(景福街),121.539948,24.999643
興隆路二段154巷220巷,121.552231,25.000534
仙岩路興隆路二段96巷,121.5503099,25.00014061
仙岩路興隆路二段154巷,121.551529,25.000896
興隆路一段251巷,121.544044,24.999502
興隆路一段興順街,121.543236,25.000601
興隆路一段景明路,121.542046,25.001966
興隆路一段萬盛街,121.540771,25.003828
興隆路一段83巷,121.541229,25.00321
興隆路一段羅斯福五段,121.538803,25.004391
羅斯福五段218巷,121.538818,25.002161
仙岩路景華街,121.547768,24.998285
興隆路四段忠順街二段,121.561676,24.984505
羅斯福六段景仁街,121.540855,24.997086
羅斯福五段192巷,121.538597,25.003548
羅斯福六段景中街,121.541,24.993095
羅斯福五段萬隆街,121.539566,25.000526
興隆路二段203巷16號,121.548691,25.001923
羅斯福六段萬慶街,121.540504,24.992126
興隆路二段275巷,121.552574,25.001516
興隆路二段福興路,121.551773,25.001844
興隆路二段154巷,121.5509679,25.00154996
興隆路二段景華街,121.547287,24.999311
興隆路一段景興路,121.544502,24.998554
老泉街恆光橋頭,121.567757,24.979931
老泉街防汛道路,121.5575106,24.97624474
忠順街一段木新路三段310巷,121.556404,24.983257
忠順街一段實踐國小,121.557541,24.983646
忠順街一段26巷,121.559212,24.984045
保儀路忠順街二段,121.566811,24.984745
保儀路永安街22巷,121.568344,24.986835
保儀路景文高中,121.567413,24.985533
木柵路三段66巷台灣戲曲學校,121.56678,24.986904
木柵路二段中山國小,121.556503,24.988411
木柵路二段138巷興隆路四段105巷,121.5622255,24.9877625
木柵路二段109巷,121.5617732,24.98884201
興隆路四段下崙路,121.560913,24.986597
下崙路光輝路71巷,121.556274,24.986176
興隆路四段109巷32弄,121.5626724,24.98675574
興隆路四段109巷92弄,121.563461,24.986807
羅斯福六段車前路,121.540314,24.99157
羅斯福六段溪口街,121.541153,24.994162
羅斯福六段景華街,121.541222,24.994925
羅斯福六段142巷20弄,121.539705,24.99668696
羅斯福五段170巷萬福國小,121.536697,25.004711
羅斯福五段萬盛路,121.538284,25.007895
景福街54巷,121.5381323,24.99908348
景興路217巷(單閃),121.543922,24.991913
景文街車前路,121.541306,24.991268
景福街溪口國小,121.538788,24.993975
景福街水快上匝道,121.5368498,24.99814025
景福街水快下匝道,121.535774,24.99608
景華街150巷,121.5475037,24.99638879
景華街176巷,121.54789,24.997248
辛亥路五段73巷,121.553215,24.998159
福興路4巷,121.551445,25.002718
興隆路三段警察專校,121.558289,24.998726
萬盛街102號,121.540909,25.005394
汀州路四段師大分部,121.5373763,25.00780109
汀州路四段溪洲街5巷,121.536156,25.005976
汀州路四段羅斯福五段170巷,121.5357376,25.0048163
新光路二段高速公路下,121.592395,24.9966626
景華街景美街,121.5416286,24.99495041
木柵路五段57號,121.5874649,25.00289153
木柵路五段57號,121.5874649,25.00289153
木柵路五段57號,121.5874649,25.00289153
溪洲街135巷,121.535583,25.002029
溪洲街137巷,121.5354208,25.00002561
溪洲街二號疏散門,121.5355569,24.99872435
汀州路4段195號(停車場北側),121.5356174,25.00444592
汀州路4段195號(停車場南側),121.5354867,25.00386554
公館路432號(大同電子),121.5019532,25.12010596
裕民六路114巷,121.5174888,25.11448109
文林北路中正高中,121.5175946,25.10536313
文林北路文林國小,121.5155362,25.10698445
明德路文林北路,121.5165908,25.10616003
文林北路218巷,121.5142676,25.10793883
自強街文林北路,121.5121966,25.10992224
承德路六段洲美街,121.5128606,25.09886706
承德路六段331巷,121.5118926,25.10573238
承德路六段文林北路,121.5112391,25.11057212
承德路七段1巷,121.51059,25.11100383
承德路七段石牌路一段,121.5092415,25.1124263
承德路七段實踐街,121.5071675,25.1143637
承德路七段13號道路,121.5050888,25.11619215
承德路七段吉利街,121.5038509,25.11733858
承德路七段公館路,121.5014649,25.11953648
承德路七段大業路,121.4997482,25.12110139
中央北一段育仁路,121.4995017,25.13475678
中央北一段大同路,121.4987986,25.13525232
中央北一段大業路,121.4971663,25.13605953
中央北一段北投國小,121.5003827,25.13421704
石牌路二段振興街,121.5213341,25.11899363
天母西路130巷,121.5223748,25.11910183
明德路振興街(振興醫院),121.5222777,25.11765619
明德路台北護理學院,121.5214311,25.11735945
明德路振華街(懷德街),121.5200775,25.11550316
明德路289巷,121.5217688,25.11518025
明德路榮華二路,121.5221587,25.11367081
明德路210號,121.5220058,25.11312434
明德路明德國小,121.5216528,25.11214675
明德路150巷,121.5208076,25.11068824
明德路懷德街,121.5202565,25.11004795
明德路明德國中,121.5183777,25.10793615
明德路致遠一路一段,121.5179456,25.10742697
自強街致遠一路一段,121.5146702,25.11064425
東華街一段明德路,121.5191774,25.10917485
東華街一段東陽街,121.5174669,25.11229063
東華街一段裕民六路,121.5167933,25.11315827
東華街一段裕民二路,121.5160422,25.11422019
東華街二段致遠二路,121.5135241,25.11777314
東華街二段立農街二段,121.5125742,25.11900249
東華街二段致遠三路,121.5117009,25.11975232
東華街二段致遠三路55巷,121.5089326,25.12053216
東華街二段266號,121.508118,25.12068357
東華街二段300巷,121.5067993,25.12094541
東華街二段340巷,121.5055751,25.12115866
東華街二段366號,121.5048912,25.12129793
東華街二段公館路,121.5027908,25.12192119
西安街一段文林北路94巷,121.5199168,25.10778361
西安街一段致遠一路一段46巷,121.5182525,25.11056335
西安街一段自強街,121.5173569,25.11120269
西安街一段東陽街,121.5168725,25.11198071
西安街二段致遠二路,121.5131618,25.11749087
西安街二段立農街一段,121.5114697,25.11939209
西安街二段立農街一段413巷,121.5099099,25.11991858
西安街二段立農街一段385巷,121.5087812,25.12013716
西安街二段立農街一段349巷,121.5080006,25.12027983
西安街二段立農街一段279巷,121.5063012,25.12060142
西安街二段立農街一段187巷,121.5047363,25.12086915
西安街二段公館路,121.5026903,25.12141719
大度路150巷,121.4935589,25.12152363
大度路167巷,121.4918338,25.12150091
大度路第二迴轉道,121.4860982,25.12190696
大度路貴子坑溪,121.4864517,25.12208716
大度路三段151號,121.4730528,25.12265472
大度路立德路,121.4714097,25.12283907
關渡路大度路,121.4694944,25.12289279
大度路立功街,121.4689267,25.12318408
大度路知行路,121.4668582,25.12321516
中央北四段大度路,121.4643669,25.12381664
大業路65巷,121.499201,25.12325425
大業路三合街二段,121.4985546,25.1256848
大業路280巷,121.4980798,25.12710465
大業路大興街,121.4970633,25.12961099
大業路452巷,121.4962243,25.13141542
大業路豐年路二段(北投路二段),121.4963071,25.13455902
大業路大同街,121.4991034,25.13699141
大業路雙全街,121.5010607,25.13705983
大業路泉源路,121.5037404,25.13728014
泉源路新民路(逸仙國小),121.5049686,25.13840501
新民路60號(國軍醫院),121.5097595,25.13987362
北投路二段大業路516巷,121.4975883,25.13257543
北投路二段捷運北投站門口,121.4980169,25.13205806
北投路二段捷運北投站公園南側,121.4984759,25.13149849
北投路二段13號,121.4990076,25.13093895
北投路二段大興街,121.4996546,25.1302425
北投路一段大業路280巷,121.5004321,25.12767478
北投路一段三合街二段,121.5007419,25.12620066
中央南二段三合街二段,121.5004388,25.12614933
崇仁路一段三合街二段,121.5014901,25.12636649
磺港路三合街二段,121.5034209,25.12667697
公館路三合街二段,121.507532,25.12757854
中和街秀山路,121.4929419,25.14544324
永興路大同街,121.4992421,25.13850015
中和街復興四路,121.4994243,25.14127238
中和街永興路,121.501019,25.13972508
中和街雙全街,121.501483,25.13925805
中和街珠海路,121.5025236,25.13829097
中央北二段文化三路,121.496117,25.13652165
中央北二段95巷,121.4953248,25.13689264
中央北二段豐年路二段,121.4929697,25.13786406
中央北二段稻香路,121.4911847,25.13852245
中央北二段329、333號,121.4891825,25.1384354
中央北二段新興路,121.4867537,25.13830593
中央北三段40巷,121.4856016,25.13820769
中央北三段53巷,121.4851562,25.1381079
中央北三段148巷,121.482833,25.1371065
中央北三段168巷,121.4821229,25.1369468
中央北三段220巷,121.4806936,25.13623429
中央北三段252巷,121.479884,25.13580433
中央北四段18、30巷,121.478413,25.13520895
中央北四段桃源國中,121.4774068,25.13450983
中央北四段一心路,121.4748551,25.1325388
中央北四段316巷,121.4727054,25.13082277
中央北四段404巷,121.4709339,25.12943109
中央北四段456巷,121.4698393,25.12878092
中央北四段一德街,121.4688987,25.12841417
中央北四段515巷(立功街),121.4683674,25.12819786
中央北四段541巷,121.4676378,25.12779192
中央北四段577巷,121.4666656,25.12716427
中央北四段學園路,121.465939,25.12661396
中央北四段自立路,121.4655217,25.12600978
中央北四段595號,121.4649438,25.12421737
學園路臺北藝術大學,121.4659433,25.12982728
學園路臺北城市科技大學,121.4672245,25.133008
懷德街榮華三路,121.519823,25.11422659
懷德街東陽街,121.5194605,25.11231424
洲美快速道13號道路,121.4988009,25.11184377
洲美街洲美運動公園,121.4990859,25.10918906
洲美街洲美焚化爐,121.4990264,25.10833916
洲美街洲美焚化爐旁150M,121.4990927,25.10658447
洲美街5巷,121.5091776,25.09765325
吉利街尊賢街,121.5065123,25.11854624
立農街一段187巷,121.5037571,25.12003911
石牌路一段33、39巷,121.51024,25.11299563
石牌路一段致遠二路,121.5122041,25.11399638
石牌路一段石牌國中,121.5142318,25.11481622
石牌路一段西安街二段,121.5148809,25.11512097
石牌路二段東華街二段,121.5152249,25.11536918
石牌路二段裕民一路,121.5162075,25.11673938
石牌路二段99巷,121.5169332,25.11773786
石牌路二段130巷,121.5175023,25.11805241
石牌路二段立農街二段,121.5187715,25.11878613
石牌路二段榮總正門,121.5199538,25.11868047
石牌路二段天母西路,121.5219793,25.11923613
石牌路二段322號(致德樓),121.5227388,25.11996541
石牌路二段榮總6號門(身障重建中心),121.5228347,25.12082548
石牌路二段324巷,121.5238091,25.12199187
天母西路117巷,121.5231875,25.1188868
石牌路二段天母北路(行義路),121.5259578,25.12383276
行義路10巷,121.526227,25.12466905
行義路同德街,121.5270239,25.12531145
行義路154巷,121.5280468,25.13059362
行義路186巷,121.528491,25.13273839
行義路泉源路,121.5267491,25.14388474
泉源路惇敘高中,121.5271292,25.14441636
東昇路泉源路,121.5230097,25.14586866
立農街二段陽明大學,121.5132105,25.11894892
崇仁路一段公館路,121.5028976,25.12268714
公館路大興街,121.5046277,25.13107374
公館路334巷(單閃),121.505289,25.12376234
公館路228巷,121.5079759,25.1264766
中央南一段光明路(公館路),121.5016479,25.13329705
致遠二路71巷,121.5116015,25.11560719
致遠二路實踐街,121.5116205,25.11528292
光明路181號(郵局),121.5032108,25.13569676
光明路中山路(北側),121.5042436,25.13685284
光明路中山路(南側),121.5043125,25.1364178
大興街清江路,121.5020379,25.13078203
磺港路大興街,121.5036601,25.13092053
磺港路北投區公所,121.5030989,25.13259416
磺港路崇仁路一段155巷,121.5029761,25.12389139
崇仁路一段155巷,121.5021823,25.12366063
陽明路24巷(單閃),121.5494129,25.14905336
陽明路38巷(建國街),121.5495891,25.14975633
陽金公路陽明路一段(中山樓),121.5500301,25.15120187
陽金公路勝利街(湖山路),121.5472438,25.15235687
陽金公路第二停車場(遊客中心),121.5460865,25.15524824
陽金公路竹子湖派出所,121.5400503,25.16757193
立農街二段202巷,121.5142726,25.11884221
珠海路登山路,121.5101234,25.14184776
稻香路新興路,121.489625,25.14106842
稻香路秀山路,121.4903288,25.14187865
稻香路樹林路,121.4900401,25.14241854
稻香路石仙路,121.4890783,25.14265854
秀山路26號,121.4908385,25.14308136
知行路關渡國中,121.4670158,25.12003311
關渡路知行路316巷,121.4695159,25.12235998
關渡路知行路,121.4690245,25.11840042
關渡路66號(自然公園),121.46913,25.1193597
關渡路知行路260巷,121.4693239,25.12081699
立德路立功街,121.4716663,25.12533392
立功街55巷,121.4690766,25.12467596
立功街86號,121.4700983,25.12597265
光明路育仁路,121.4988045,25.13230817
光明路溫泉路,121.5023923,25.13443155
育仁路37、54號,121.4981623,25.13323036
大興街23、24巷,121.4985193,25.12997535
中央南一段大興街,121.5011458,25.13063334
中央南一段崇仁路一段,121.5011868,25.12832937
裕民六路裕民二路33巷,121.5176632,25.11527583
濱江街457巷,121.5643214,25.07056619
濱江街432號,121.5579627,25.07192801
八德路四段慈祐宮,121.5777311,25.0509293
八德路三段186巷,121.5562597,25.0480363
八德路二段410、437巷,121.5468484,25.04821149
八德路三段敦化北路,121.5488747,25.04821226
八德路三段8巷12巷52弄,121.5496956,25.04615506
八德路三段北寧路,121.5525838,25.04819086
八德路三段寧安街,121.5541958,25.04821468
八德路三段145巷,121.5550798,25.04813312
八德路三段155巷光復北路60巷(單閃),121.5550756,25.04979985
八德路三段延吉街,121.5533821,25.04820633
八德路三段光復北路,121.5578783,25.04821426
八德路四段21號(監理處),121.5586702,25.0482504
八德路四段91.106巷,121.560974,25.0485219
八德路四段72巷,121.5601371,25.04843517
八德路四段東寧路,121.5627413,25.04869517
八德路四段204巷,121.563946,25.04879661
八德路四段東興路,121.5654987,25.04896577
八德路四段295巷,121.5662346,25.049033
八德路四段基隆路一段,121.569218,25.04950081
八德路四段塔悠路,121.5721784,25.04992349
八德路四段虎林街,121.5760002,25.05001293
八德路四段松山車站,121.5776913,25.0500413
八德路四段松山國小,121.5789163,25.0513121
松河街76號(單閃),121.5742028,25.05083859
八德路四段593巷,121.5742402,25.04998037
三民路3巷,121.5638868,25.05205156
三民路113巷,121.5634572,25.05805507
三民路155巷,121.5631935,25.06142134
三民路166巷,121.5631227,25.06186645
三民路民生東五段北側(加油站),121.5633192,25.05989002
市民四段大安路一段,121.5460914,25.04508841
敦化南一段市民四段,121.5488499,25.04485243
市民四段116號,121.5507656,25.0444686
市民四段153巷,121.5508251,25.0447955
市民四段249號,121.5543841,25.04458236
市民四段232巷,121.556665,25.04501086
市民四段延吉街,121.5537715,25.04438092
市民四段光復南路,121.5577856,25.04509916
市民五段八德路四段106巷(單閃),121.5611864,25.04667632
菸廠路-松山菸廠,121.5605579,25.04545931
市民五段八德路四段36巷,121.5594819,25.04579751
市民五段東寧路,121.562991,25.04728453
市民五段東興路,121.5658125,25.04825093
市民五段八德路四段300巷,121.5670945,25.04866005
北寧路56巷,121.552673,25.04986629
民權東三段敦化北路,121.5507326,25.06139777
民權東四段憲兵營區,121.559176,25.0622779
民權東四段光復北路,121.5545912,25.06195865
民權東四段三民路,121.5630571,25.0627999
民權東四段新中街,121.5601611,25.06241874
民權東五段三民國小,121.5647599,25.06301351
民權東五段民權大橋旁活動中心,121.5677483,25.06360099
民權東五段塔悠路,121.5682764,25.06357268
民權東五段撫遠街,121.5659541,25.06324244
民生東三段130巷,121.5461902,25.05773062
民生東三段敦化北路,121.5489524,25.05771013
民生東四段55巷,121.5505161,25.05783474
民生東四段97巷,121.552096,25.05799385
民生東四段80巷,121.5529108,25.05803083
民生東四段80巷15弄,121.5529583,25.05621177
民生東四段131巷,121.5542686,25.05817912
民生東四段光復北路,121.5552389,25.0582902
民生東五段新中街,121.5605202,25.05866437
民生東五段三民路,121.5633987,25.05892869
民生東五段新東街,121.56595,25.05906689
民生東五段260巷,121.567165,25.05914076
民生東五段撫遠街,121.5684253,25.05923536
民生東五段塔悠路,121.5690263,25.05928218
民生東五段36巷,121.5569829,25.05838965
民生東五段36巷8弄18號旁(單閃),121.5580527,25.0571148
民生東五段36巷4弄17號前(單閃),121.5580539,25.05778915
民生東五段69巷,121.5582353,25.05850145
民生東五段137、138巷,121.5615892,25.05876681
民生東五段177、212巷,121.5649124,25.05900331
光復北路延壽街,121.555614,25.05626626
光復北路健康路,121.5566731,25.05364653
光復北路26、11巷,121.5577967,25.0491477
吉祥路光復北路11巷,121.5624315,25.05040651
光復北路165巷,121.5554331,25.05725008
光復北路190巷(松醫側門),121.5558904,25.05470488
光復南路32巷16弄(單閃),121.5564472,25.04651033
八德路3段158巷光復南路32巷(單閃),121.5552886,25.04637513
光復南路32、33巷,121.5577876,25.04669449
松河街180號,121.5765996,25.05138673
東興路15巷,121.5653563,25.0500607
延吉街30巷,121.5535535,25.04616746
延壽街新中街,121.5606813,25.05661679
延壽街新東街,121.5660514,25.05710078
延壽街三民路,121.5635957,25.05685585
延壽街175、314號,121.5618546,25.0567391
延壽街330巷,121.5602382,25.05660649
三民路43巷延壽街330巷,121.5603007,25.05583277
延壽街402巷,121.5571814,25.05635719
長春路慶城街,121.5461897,25.05452556
復興北141巷慶城街,121.5451557,25.05322858
長安東二段八德路二段,121.5458112,25.04810039
南京東三段敦化北路,121.548851,25.05174626
南京東四段北寧路,121.5525655,25.05169088
南京東四段13巷,121.5499398,25.05181614
南京東三段338巷,121.5475626,25.05164111
南京東四段光復北路,121.5573477,25.05155727
南京東四段179巷,121.5564443,25.05165176
南京東四段寧安街,121.5550162,25.05161392
南京東五段59巷,121.5591905,25.05141593
南京東五段123巷,121.5608945,25.05153063
南京東五段三民路,121.5637246,25.05152016
南京東五段東興路,121.5653627,25.05137108
南京東五段250、291巷,121.5661374,25.05135791
南京東五段寶清街,121.5684559,25.05136931
南京東五段389巷,121.5694892,25.05137413
環東大道麥帥二橋進城匯流處(未通電),121.5701905,25.05069267
基隆路一段塔悠路,121.5704057,25.05114857
健康路15巷,121.5527689,25.05320112
健康路25巷,121.5537149,25.05339622
健康路45巷,121.5550817,25.05346689
健康路131號(松山醫院),121.5576613,25.053779
健康路157、220號,121.5604697,25.05406274
健康路242、193號,121.5621325,25.05409689
健康路325巷西松高中,121.5671421,25.05544306
健康路三民路,121.5638469,25.05414784
健康路313號,121.566197,25.05421774
健康路寶清街,121.5672996,25.05429518
富錦街12、77巷,121.5512252,25.06018886
富錦街三民路,121.5632404,25.06092746
富錦街429巷,121.5613782,25.06078342
富錦街新中街,121.5602993,25.06070157
富錦街359巷,121.5580846,25.0605481
富錦街民生東五段27巷,121.5569242,25.06046662
富錦街新東街,121.5653801,25.0610926
富錦街撫遠街,121.566378,25.06173902
敦化北路199巷民生東四段54巷,121.5513302,25.05661731
敦化北路199巷民生國小,121.5520249,25.05661059
敦化北路長春路,121.548982,25.05451574
敦化北路4巷南京東三段338巷,121.5474804,25.05012323
敦化南一段100巷,121.5490418,25.04616085
塔悠路基6號水門,121.5682511,25.06530699
塔悠路78號,121.5700358,25.05262022
撫遠街211巷,121.5678295,25.05984581
撫遠街376巷三民國小側門,121.5647403,25.06389884
撫遠街403巷,121.5655223,25.06592886
塔悠路撫遠403巷,121.5678937,25.06637282
塔悠路撫遠街,121.5682563,25.06828056
寶清街89巷,121.5679795,25.05237935
慶城街興安街,121.5471306,25.05570267
市民四段忠孝東四段223巷,121.5530592,25.0443498
八德路三段12巷,121.5506829,25.04817297
市民四段延吉超市190巷,121.5544424,25.04435641
八德路四段335號,121.5672854,25.04916532
八德路四段市民六段,121.5711769,25.04985241
健康路塔悠路,121.5698383,25.05448894
敦化北路170號,121.5487648,25.05668362
敦化北路199巷,121.5491563,25.05575109
敦化北路155巷100弄,121.5521555,25.05423168
三民路74巷,121.5636676,25.05571674
三民路43巷,121.5636468,25.05610206
南京東五段66巷光復北路11巷,121.5607616,25.05013366
光復北路133號,121.556974,25.05263186
八德路四段245巷32弄,121.5645295,25.04995321
光復北路富錦街,121.5548575,25.0603391
民權東三段160巷,121.547944,25.06200255
民權東三段138巷,121.5467008,25.06202977
南京東三段300號,121.5467532,25.05179578
健康路15巷敦化北路155巷,121.5529231,25.05420986
八德路二段451巷(台安醫院),121.5474302,25.04819785
延壽街塔悠路,121.5693417,25.05734059
塔悠路179、180號,121.5695288,25.05635669
塔悠路312、319號,121.568694,25.06121879
塔悠路23巷,121.5716563,25.0504162
延壽街83、50號,121.5671586,25.05718074
撫遠街255巷,121.5671634,25.06065011
民權東四段100號,121.5563284,25.06196947
八德路四段453巷,121.5707152,25.04981907
基隆路一段市民五段,121.5691097,25.04902187
敦化北路4巷(東),121.5489284,25.05008118
敦化北路4巷(西),121.5486964,25.05008637
市民六段松信路,121.5722093,25.04931194
市民六段虎林街（北）,121.5760347,25.04945793
市民六段虎林街（南）,121.5760055,25.04919049
市民六段松山路（北）,121.5777942,25.0495249
市民六段松山路（南）,121.5778481,25.04893793
市民六段松隆路329巷,121.5792253,25.04884138
大道路74巷,121.5824803,25.04080419
仁愛路四段國父紀念館,121.5606174,25.03760369
仁愛路四段逸仙路,121.5613587,25.03754258
仁愛路四段基隆路二段,121.5619563,25.03751954
仁愛路四段光復南路,121.5575517,25.03757848
仁愛路四段市府路,121.563583,25.03752499
中坡南路49巷,121.5835437,25.04281743
中坡南路168巷,121.5841885,25.03923761
中坡南路201巷,121.5854531,25.04158641
中坡南路98巷福德街268巷,121.5849866,25.04078814
中坡南路福德街268巷29弄,121.5845964,25.04001028
中坡南路福德街,121.5840721,25.03831674
信義路5段150巷342弄松仁路253巷(單閃),121.5702625,25.02611053
信義路5段150巷401弄(單閃),121.5707284,25.02504435
市府路松高路,121.5636006,25.03915381
市府路松壽路,121.5635294,25.03592513
市府路世貿中心東門,121.5635032,25.03436922
光復南路290巷,121.5575678,25.03940034
光復南路420巷,121.5574923,25.0364381
光復南路456巷,121.5574829,25.03544651
光復南路基隆路一段380巷,121.5574931,25.03428835
光復南路文昌街,121.5574548,25.03213161
吳興街松仁路,121.5699935,25.02371009
吳興街156巷,121.5618568,25.02923895
吳興街220巷北醫急診,121.5622717,25.02704171
吳興街220巷信安街67巷,121.5608579,25.02591955
信安街67巷陸軍聯保廠,121.5583622,25.02599119
吳興街220、225巷,121.5631313,25.02770695
吳興街487號(公車總站),121.5698256,25.02343813
永吉路松信路,121.572092,25.04559457
永吉路松山路,121.5778301,25.04546694
永吉路虎林街,121.5770275,25.04548119
永吉路30巷,121.5688369,25.04570973
永吉路120巷60、61號,121.5702208,25.04352284
永吉路120巷90號,121.570195,25.0422847
松信路永吉路180巷67弄,121.5720113,25.04347745
永吉路225巷,121.5741895,25.045538
永吉路321巷,121.5754838,25.04553075
永吉路468巷,121.578963,25.04535866
永吉路松隆路,121.5703542,25.0456428
基隆路一段市府轉運站,121.5643042,25.04069347
忠孝東四段逸仙路,121.5615848,25.04123212
忠孝東四段553巷,121.5627215,25.04121909
忠孝東四段基隆路一段,121.5644767,25.04117647
忠孝東四段光復南路,121.5577131,25.04134532
忠孝東五段22巷,121.5661341,25.04106923
忠孝東五段松山路,121.5777578,25.04084546
忠孝東五段松仁路,121.5684245,25.0410447
忠孝東五段松信路,121.5719113,25.04092082
忠孝東五段永吉路120巷,121.5701335,25.04096727
忠孝東五段中坡南路,121.5818855,25.0442374
忠孝東五段372巷,121.5740073,25.04096013
忠孝東五段422巷,121.5753608,25.04083163
忠孝東五段虎林街,121.5769021,25.04087839
忠孝東五段大道路,121.5812759,25.04325471
忠孝東五段524巷,121.5791722,25.04155171
林口街77號(松山路465巷),121.5792253,25.03951683
林口街114號,121.5801736,25.03996989
林口街176號,121.5807251,25.04076733
林口街大道路42巷24號,121.5808905,25.04134854
松仁路89號(荷蘭銀行),121.5684397,25.03742838
松仁路121巷(松勇路),121.5683392,25.03481438
松仁路松勤路,121.5683179,25.03184463
松仁路松平路,121.5683078,25.03043308
松仁路信義國中,121.568313,25.0284437
松仁路吳興國小,121.5688445,25.02580705
松仁路253巷(單閃),121.5690561,25.02543957
松仁路275巷,121.5693863,25.02480763
松山路149巷,121.5777939,25.0466536
松山路249巷,121.5777818,25.04428772
松山路虎林街89巷,121.5777487,25.04322732
松山路虎林街119巷,121.5778079,25.04205099
松山路540巷,121.5781711,25.03773031
松山路650巷永春高中,121.5789196,25.03266212
松高路松仁路,121.5684905,25.03908591
松高路松勇路,121.5697985,25.03904874
松高路忠孝東五段236巷,121.5718646,25.03901219
松高路新光三越,121.5670951,25.03911099
松高路逸仙路,121.5615237,25.03924293
松信路虎林街120巷,121.5719643,25.042242
松智路松高路,121.5655365,25.03912799
松智路市府東門,121.5654992,25.03751257
松高路忠孝東五段22巷,121.5660885,25.03907758
松智路松廉路,121.5654119,25.03397358
松德路66、68巷,121.5760681,25.03832069
松德路129號,121.5748845,25.03742455
松德路168巷,121.5746455,25.03648441
松德路168巷180巷(興雅國中),121.5735597,25.03650219
松德路200巷180巷,121.5734807,25.03465835
松德路松山路,121.5778396,25.03954552
松德路虎林街,121.5767449,25.0388077
松隆路松山路,121.577758,25.04806726
松隆路虎林街,121.5759995,25.04840315
松隆路松信路,121.5721344,25.04684675
松隆路永吉路30巷,121.5687586,25.04445202
松隆路永吉路30巷102弄,121.56758,25.04362872
松隆路永吉國中,121.5743537,25.04813792
松壽路松仁路,121.5683676,25.03579132
松壽路松智路,121.5654436,25.03586792
松壽路華納威秀,121.566874,25.03584119
信安街50號,121.5582106,25.02703881
信安街吳興街156巷,121.558162,25.02872405
信安街95巷,121.556788,25.02561891
信安街崇德街,121.555761,25.02403301
信義路四段基隆路二段,121.5595343,25.03300427
信義路四段光復南路,121.5574445,25.03308635
信義路五段91巷,121.5717653,25.03289238
信義路五段91巷15弄,121.5717444,25.0335807
信義路五段91巷松勇路53巷,121.5717574,25.03421408
信義路五段莊敬路,121.5613473,25.03295484
信義路五段市府路,121.5633469,25.03284124
信義路五段松智路,121.5653794,25.03278814
信義路五段松仁路,121.5683064,25.03276533
信義路六段松山路,121.5784591,25.03624009
信義路六段松德路,121.5745198,25.03354087
信義路六段虎林街,121.5779517,25.03609608
信義路六段15、26巷,121.5753602,25.03417944
信義路六段76巷,121.5768624,25.03525173
基隆路一段35號,121.5688095,25.04803912
基隆路一段35巷7弄(單閃),121.5704339,25.04797216
基隆路一段永吉路,121.5671114,25.04554537
基隆路一段松隆路,121.5658368,25.04342776
基隆路二段松壽路,121.5613917,25.03576631
基隆路二段吳興街,121.5589314,25.03203771
基隆路二段光復南路,121.557613,25.02992808
基隆路二段嘉興街216巷,121.5559655,25.02742685
基隆路二段喬治中學,121.5549183,25.02652114
基隆路二段176號,121.5541788,25.02583151
福德街137巷,121.5826649,25.03757594
福德街大道路,121.5837399,25.03799037
福德街林口街,121.5791663,25.03632737
福德街51、62巷,121.5805433,25.03675947
福德街84巷,121.5815081,25.03712773
福德街221、232巷,121.5848597,25.03852547
福德街251、268巷,121.5860131,25.0388447
福德街310、309巷,121.5875304,25.03930487
莊敬路239巷信義國小,121.5631271,25.03018428
松智路松平路,121.5653483,25.03048179
松智路莊敬路325巷,121.5649192,25.02912049
松智路松勤路,121.565376,25.03194862
松勤路信義國小,121.563211,25.03201003
莊敬路松勤路,121.5613274,25.03200528
莊敬路197巷,121.5612967,25.03075175
莊敬路239巷,121.5622401,25.02957322
莊敬路289巷,121.5630156,25.02870344
莊敬路325巷,121.5635904,25.02804923
莊敬路391巷,121.5655164,25.02750556
莊敬路423、481巷,121.5664737,25.02721425
莊敬路松仁路,121.5684033,25.02665925
崇德街嘉興街,121.5555228,25.02414852
嘉興街181巷,121.5564755,25.02637398
信安街67巷(嘉興街181巷),121.5574635,25.0260812
松隆路329巷,121.5792441,25.04819297
南港路一段277巷,121.6086053,25.05467644
三重路200巷經貿二路157巷36弄,121.6146568,25.06214226
三重路經貿二路106巷,121.6141416,25.05829453
三重路經貿二路88巷,121.6141081,25.0577957
三重路園區街,121.6141839,25.05903764
向陽路196巷,121.5937968,25.05648762
重陽路39巷向陽路196巷,121.5947631,25.05682142
成福路15巷,121.5864009,25.0450412
成福路178巷,121.5875468,25.04179669
成福路269巷,121.5913012,25.03750106
成功路一段向陽路258巷,121.5929214,25.05803743
向陽路258巷重陽路39巷,121.5939736,25.05831273
成功路一段36巷,121.592912,25.05566085
同德路東新街80巷,121.5869709,25.04637957
同德路成福路,121.585802,25.04601705
成福路26巷東新街80巷10弄(單閃),121.5861995,25.04543908
同德路玉成街,121.5838494,25.04514434
玉成街190.225巷(單閃),121.5850809,25.04351556
昆陽街157巷,121.5944701,25.04953018
昆陽街163巷,121.5941241,25.04858994
松河街重陽路125巷,121.5972207,25.05844985
忠孝東五段永吉路,121.582691,25.04520868
忠孝東六段玉成街,121.5832684,25.04600459
忠孝東六段東新街,121.5850933,25.04784577
忠孝東六段188巷,121.5865609,25.04861736
忠孝東六段250巷,121.5881255,25.04895873
忠孝東六段278巷,121.589053,25.04922862
忠孝東六段聯勤司令,121.5912918,25.04971328
忠孝東六段398巷,121.5925158,25.05004191
忠孝東六段向陽路,121.5955962,25.05080321
忠孝東六段昆陽街,121.5940157,25.05041556
忠孝東七段研究院一段,121.6163048,25.05315571
忠孝東七段中南街,121.6151733,25.05308578
忠孝東七段中南街74巷,121.6140483,25.05290256
忠孝東七段360、379號,121.6038709,25.05173543
忠孝東七段325巷,121.6053659,25.05191181
忠孝東七段興中路(捷運南港站),121.6080073,25.05218665
忠孝東七段481、496號,121.6096579,25.0523807
忠孝東七段527巷,121.6126287,25.05277965
東新街108巷80巷(成德國中),121.5875051,25.04505472
東新街64巷,121.5859151,25.04725959
東新街108巷,121.5878039,25.04655044
成福路東新街108巷,121.5868124,25.04442842
東新街108巷80巷9弄,121.5878984,25.0459351
東新街118、77巷,121.5884263,25.04660674
東新街168、101巷,121.5899496,25.04651099
東新街170巷(南港公園前),121.5923818,25.04592773
研究院一段市民八段,121.616464,25.05426967
研究院一段101巷,121.616012,25.05199009
研究院一段101巷富康街,121.6170309,25.05187245
研究院一段130巷(南深橋北側),121.6157931,25.04917462
研究院一段151巷,121.6155967,25.05073646
研究院二段中研究大門,121.6162211,25.04374601
研究院二段180巷,121.6170354,25.03756396
研究院二段222號,121.6169308,25.03639196
研究院二段230號,121.6169084,25.03604587
研究院二段南深橋南側,121.6158595,25.04880424
研究院二段胡適國小,121.616948,25.04239653
研究院二段胡適公園,121.6174509,25.04096096
研究院二段12巷,121.615705,25.04767552
研究院二段34巷,121.6154204,25.04698291
研究院二段54巷,121.6151751,25.04628713
研究院二段84巷,121.6153935,25.04529724
研究院二段134巷,121.6170111,25.0383857
研究院二段61巷1弄(福山公園),121.617893,25.04534034
研究院三段20巷,121.6156329,25.03466998
研究院三段68巷,121.6143738,25.03467545
研究院三段68巷(凌雲超市),121.6146387,25.03556018
研究院三段軍人公墓,121.6124977,25.03341502
研究院三段中華學院,121.6106876,25.03329355
舊莊街一段3巷52號(國興橋),121.6191487,25.04318442
舊莊街一段145巷舊莊公園,121.6208343,25.04116277
舊莊街一段南深路,121.621589,25.03899675
舊莊街一段212、215巷,121.6224966,25.03834023
舊莊街一段舊莊國小,121.6195387,25.04032799
南深路南港交流道,121.6191552,25.03418054
重陽路向陽路,121.5945576,25.05481191
重陽路興華路,121.6053095,25.05787514
重陽路興南街,121.6041661,25.05767782
重陽路166、203巷,121.6008721,25.05727847
重陽路興中路,121.606643,25.05809826
重陽路125巷,121.5982534,25.05624884
重陽路199巷,121.5997693,25.05690922
重陽路惠民街,121.6097712,25.05910721
重陽路39巷,121.5959049,25.0552648
重陽路57巷向陽路258巷,121.5957561,25.05832366
重陽路57巷125巷36弄,121.5960423,25.057263
重陽路125巷36弄,121.5975903,25.057747
重陽路187巷,121.5991322,25.0566395
重陽路190、235巷,121.6023422,25.05763904
重陽路423巷,121.60915,25.05887344
重陽路472號,121.6113746,25.06014299
重陽路三重路,121.6130867,25.06202186
三重路新民街,121.6139787,25.05614894
經貿一路展覽館停車場,121.6197436,25.05638917
經貿一路二路105巷(1-7號道路),121.6194247,25.05903955
經貿一路二路157巷(1-6號道路),121.6179065,25.06094562
經貿二路88巷(2-3號道路),121.6167668,25.05755919
經貿二路展覽館公車道(北),121.6170593,25.05695796
經貿二路展覽館公車道(南),121.6169949,25.05630621
經貿二路105巷(1-7號道路),121.6168407,25.05810536
經貿二路157巷(1-6號道路),121.616558,25.0593264
經貿二路157巷36弄,121.6172219,25.06029049
經貿二路235巷157巷36弄,121.6153098,25.0613219
經貿二路三重路,121.6144237,25.06046608
向陽路南港國中,121.5952901,25.05239898
南港路一段三重路,121.6139407,25.05525449
南港路一段研究院一段,121.6165967,25.05515614
南港路一段136、171巷,121.6131537,25.05530539
南港路一段東南街,121.612436,25.05528708
南港路一段中南街,121.6152721,25.05525254
南港路一段惠民街,121.6103582,25.05495818
南港路一段經貿一路,121.6186476,25.0548733
南港路一段南港橋,121.6204272,25.05473036
南港路二段興中路,121.6074587,25.05447755
南港路二段興華路,121.6061193,25.05422612
南港路二段23、86巷,121.6032341,25.05373588
南港路二段41巷,121.6026178,25.0536033
南港路二段178巷,121.5996971,25.05344964
南港路二段向陽路,121.594767,25.05437411
南港路二段興南街,121.5975345,25.05406109
南港路三段50巷,121.591716,25.05412492
南港路三段67、130巷,121.5883681,25.05302273
南港路三段106巷,121.5897662,25.0533595
南港路三段314巷,121.5814337,25.05154978
八德路四段南港路三段,121.5825708,25.05156793
八德路四段玉成街,121.5815717,25.05113508
八德路4段768巷1弄玉成街25巷(單閃),121.5817375,25.05050516
南港路三段149巷,121.5843186,25.05231346
南港路三段190巷,121.5868344,25.05303489
南港路三段昆陽街,121.5922963,25.05416769
南港路三段成功路一段,121.5932123,25.05447376
福德街成福路,121.5893369,25.03977614
福德街373巷,121.5906131,25.04030004
福德街南港國宅A12(南港公園6號入口),121.5910053,25.04132129
興東街新民街,121.6119609,25.05599536
興南街64巷,121.6016551,25.05616468
東明街興南街60巷,121.603796,25.05571048
東明街東新國小側門,121.603017,25.05510384
中南街123巷,121.615269,25.05208446
惠民街興東街,121.6101434,25.05641893
市民七段中坡北路(北),121.5801129,25.0494769
市民七段中坡北路(南),121.580068,25.04888179
市民七段玉成街(北),121.5816463,25.04950832
市民七段玉成街(南),121.5814531,25.04910606
市民七段東新街,121.5837995,25.04962469
市民七段忠孝東路6段269巷,121.5894604,25.05049914
市民七段昆陽街,121.5937366,25.05120521
市民七段向陽路,121.595579,25.05147102
市民八段東南街(北),121.6121502,25.05419643
市民八段東南街(南),121.6122255,25.0537508
市民八段南港路一段171巷,121.6131075,25.05413998
市民八段中南街56巷42弄,121.6133729,25.05392927
市民八段中南街,121.6152493,25.05427101
市民八段忠孝東七段415巷,121.6088675,25.0535786
市民八段興中路,121.6076602,25.05342621
市民八段興華路,121.6064304,25.05323223
市民八段忠孝東七段265巷,121.6033676,25.05273196
市民八段忠孝東七段325巷,121.6051283,25.05299791
松隆路中坡北路,121.5801209,25.04839257
中坡北路玉成街52巷,121.5805004,25.04762057
中坡北路50巷,121.5806774,25.04643855
永吉路中坡北路,121.5807385,25.04531456
中坡北路忠孝東五段743巷,121.5812175,25.04473506
八德路四段中坡北路,121.5796531,25.05036343
八德路四段松山橋,121.580046,25.05147504
松河街八德路四段829巷,121.5800304,25.05215921
松河街南港路三段314巷(長壽橋),121.5812132,25.052338
松河街南港路三段106巷,121.5890132,25.05526843
中華路一段洛陽街,121.5096395,25.04695964
中華路一段開封街一段,121.5093323,25.04600445
中華路一段漢口街一段,121.5090925,25.04513162
漢口街二段漢中街,121.5077674,25.04546077
中華路一段武昌街一段,121.5088485,25.04424405
中華路一段成都路,121.5082633,25.04215095
中華路一段長沙街一段,121.5077553,25.04048011
中華路一段貴陽街一段,121.5073947,25.03918257
中華路一段愛國西路,121.5067873,25.03720493
中華路二段廣州街,121.5064811,25.03601476
中華路二段艋舺大道,121.5056415,25.03449966
中華路二段和平西二段,121.5052665,25.03338701
中華路二段汀州路一段,121.5051071,25.03302359
中華路二段大埔街,121.5047409,25.03238603
中華路二段莒光路,121.5041557,25.03123988
中華路二段西藏路,121.5041289,25.03000096
中華路二段303、364巷,121.5047906,25.02914958
中華路二段313、416巷,121.5059136,25.0279869
中華路二段南海路,121.5070632,25.02674769
中華路二段409巷,121.508106,25.0258061
中華路二段國興路,121.5091825,25.02491901
中華路二段寧波西街,121.5101293,25.02461328
中華路二段古亭國中,121.5110963,25.02439607
中華路二段泉州街,121.5121876,25.02407552
內江街康定路,121.5022633,25.04167874
內江街昆明街,121.5045357,25.04147997
內江街西寧南路,121.5060024,25.04158889
內江街漢中街,121.5069171,25.04144528
雙和街中華路二段364巷,121.5041023,25.02867491
成都路西寧南路,121.5059414,25.04273476
成都路漢中街,121.5074894,25.04239318
成都路昆明街,121.5048225,25.0430224
成都路西門國小,121.503613,25.04331554
成都路康定路,121.5026108,25.04356912
環河南三段成都路(單閃),121.5008291,25.04394867
西園路一段桂林路,121.4997578,25.03846274
西園路一段廣州街,121.4993638,25.03669267
西園路一段大理街,121.4988043,25.03441618
西園路一段艋舺大道,121.497956,25.03318424
西園路二段50巷,121.497236,25.03194233
西園路二段莒光路,121.4968534,25.03110407
西園路二段140巷,121.4963401,25.03014356
西園路二段西藏路,121.49557,25.02867319
西園路二段東園街,121.4952082,25.0281439
西園路二段270號(西園醫院),121.4944753,25.02750512
西園路二段寶興街,121.4937354,25.0268907
西園路二段320巷,121.4925437,25.02588086
西園路二段281巷375巷(單閃),121.4915131,25.02501519
西園路二段環河南三段,121.4907829,25.02440463
西藏路125巷,121.5022989,25.02971605
萬大路西藏路,121.5005156,25.02940507
西藏路萬華國中,121.4987154,25.02934233
西藏路雙園街,121.4951643,25.02877283
西藏路雙園街18巷,121.4943036,25.02869611
西藏路雙園街40巷,121.4933491,25.02854884
西藏路寶興街,121.4922768,25.02847825
寶興街興義街,121.4929641,25.02767722
寶興街80巷,121.4943312,25.02599209
寶興街140巷,121.4949114,25.02475417
德昌街235巷(單閃),121.4927757,25.02337059
寶興街德昌街,121.4954266,25.02363417
寶興街222巷,121.4958371,25.02229307
寶興街長泰街,121.4959787,25.02179828
寶興街萬大路424巷,121.4960686,25.02133332
雙和街西藏路125巷,121.5026718,25.02798149
西藏路125巷新和國小,121.5034171,25.02602001
青年路西藏路125巷,121.5037584,25.02521323
國興路中華路二段416巷,121.5052114,25.02746434
西藏路125巷中華路二段416巷,121.5031223,25.02677446
中華路二段416巷萬大路277巷33弄,121.5017153,25.0264915
雙和街31巷中華路二段416巷,121.5022096,25.0265934
和平西二段艋舺大道,121.5047499,25.03387907
和平西三段30巷,121.5041325,25.03437166
和平西三段南寧路,121.5033347,25.03513924
和平西三段59巷,121.5022195,25.03521163
和平西三段康定路,121.5012178,25.03521659
和平西三段西園路一段,121.4992698,25.03527263
和平西三段梧州街,121.4975724,25.03532406
和平西三段環河南二段,121.4943034,25.03557183
和平西三段382巷,121.491511,25.03542734
和平西三段環南快(北),121.4910748,25.03571157
和平西三段環南快(南),121.4907791,25.03538474
萬大路東園街,121.498658,25.02155068
東園街長泰街,121.498164,25.02227912
東園街154巷,121.4978249,25.02305397
東園街140巷,121.4975498,25.02358172
東園街德昌街,121.4971476,25.02440946
東園街民和街,121.496815,25.02514254
東園街73巷,121.4964308,25.02591151
青年路30巷(青年社區),121.5049456,25.02564016
青年路58號,121.502902,25.02442087
青年路68巷,121.5027211,25.02354908
青年路106巷,121.5026678,25.02280579
青年路152巷,121.5024459,25.02126843
武昌街二段西寧南路,121.506509,25.0448249
武昌街二段昆明街,121.5053913,25.04502744
武昌街二段康定路,121.5031485,25.04557335
南寧路24巷,121.5058156,25.03692422
南寧路三水街,121.5038533,25.03557492
青年路國興路,121.5064584,25.02609244
長沙街二段西寧南路,121.5060247,25.04068887
長沙街二段昆明街,121.504308,25.0403688
長沙街二段康定路,121.5020055,25.04040376
長沙街二段西昌街,121.5007343,25.04097721
長沙街二段西園路一段,121.5000779,25.04124732
長沙街二段環河南堤外便道,121.499311,25.04166702
長沙街二段環河南一段,121.4995738,25.04149914
萬大路長泰街,121.4993386,25.02267688
萬青街萬大路277巷(單閃),121.5017396,25.02544277
萬大路277巷44、37弄(單閃),121.5025021,25.02546353
長泰街萬青街,121.5014874,25.02302581
忠孝西二段西寧南路,121.5076035,25.04861075
忠孝西二段鄭州路38巷,121.5087295,25.04832882
忠孝西二段國稅局,121.5094683,25.04802601
忠孝西二段塔城街,121.5095429,25.04823715
忠孝西一段北門捷運站3號出口,121.5101921,25.04847675
忠孝西二段昆明街,121.5064471,25.04882941
忠孝西二段環河南一段,121.505971,25.048928
環河快往北忠孝橋匝道,121.5062379,25.04955577
洛陽街西寧南路,121.5073209,25.04764399
萬大路莒光路,121.500553,25.03114036
莒光路雙園國小,121.4983175,25.03110788
莒光路183巷,121.5023158,25.03120748
桂林路西昌街,121.5005568,25.03841655
桂林路康定路,121.5017655,25.03837846
康定路永福街(單閃),121.5018555,25.0390272
桂林路西寧南路,121.5064383,25.03742315
桂林路柳州街,121.5051175,25.03778203
桂林路華西街,121.4984061,25.03849774
桂林路昆明街,121.5038306,25.0380193
桂林路淡1號水門,121.4960705,25.03877223
桂林路淡1號水門(堤外),121.4959073,25.03894565
桂林路244巷30號,121.4942434,25.03777977
永福街柳州街,121.5052495,25.03823114
永福街昆明街,121.5039196,25.03847439
國興路1巷,121.5083018,25.02416203
水源路國興路,121.5085368,25.02283847
水源路青年路,121.5042929,25.0197618
康定路大理街,121.5011232,25.0346328
開封街二段西寧南路,121.5070518,25.04656411
開封街二段昆明街,121.5059065,25.04681232
昆明街洛陽街,121.5061937,25.0478427
峨眉街康定路,121.5028539,25.04447276
峨眉街西寧南路,121.5062035,25.04367754
峨眉街昆明街,121.5050655,25.04394388
貴陽街二段環河南二段,121.4978746,25.04006879
貴陽街二段西園路一段,121.4998856,25.04011358
貴陽街二段西昌街,121.5006693,25.04016028
貴陽街二段康定路,121.5019815,25.04006706
貴陽街二段昆明街,121.5041739,25.0397255
貴陽街二段柳州街(單閃),121.5055036,25.03950817
貴陽街二段西寧南路,121.5061988,25.03939846
萬大路85巷,121.5005368,25.0302906
萬大路民和街,121.5004575,25.0263429
萬大路329巷,121.5002149,25.02420118
萬大路423巷光仁國小,121.4999041,25.02119541
青年路萬大路423巷,121.5025746,25.02203918
萬大路534巷,121.4967109,25.01861347
萬大路493巷,121.497719,25.02009676
萬青街萬大路423巷,121.5016748,25.02200397
汀州路一段大埔街,121.5042894,25.03335162
艋舺大道120巷,121.5022761,25.03319967
艋舺大道萬大路,121.5005428,25.03304494
艋舺大道336巷(中國時報),121.4959446,25.03267086
艋舺大道西園路二段140巷,121.4948417,25.03177383
艋舺大道大理國小,121.4939746,25.03102839
艋舺大道雙園街,121.4934568,25.03054059
艋舺大道西藏路,121.4916161,25.02890399
艋舺大道西園路二段320巷,121.4906709,25.02796112
漢口街二段西寧南路,121.5067842,25.04572104
漢口街二段昆明街,121.5056122,25.04590673
康定路三水街,121.5013663,25.03608221
廣州街康定路,121.501463,25.03661642
廣州街南寧路,121.5047275,25.03649668
廣州街昆明街,121.5035347,25.03653954
康定路萬華火車站,121.5008701,25.0337083
萬大路興寧街,121.500542,25.03226593
萬大路德昌街,121.5004345,25.02538145
民和街14號(單閃),121.4997845,25.02634307
環河南一段內江街,121.5001036,25.04191039
環河南一段開封街二段,121.504455,25.04723966
環河南一段漢口街二段,121.5036032,25.04646335
環河南一段康定路,121.5032093,25.04615735
環河南一段武昌街二段,121.5026494,25.04573174
環河南二段桂林路,121.4971972,25.03849833
環河南二段50巷,121.4962865,25.03762087
環河南二段廣州街,121.4956345,25.0368323
環河南二段149巷,121.4929824,25.0338422
環河南二段175、250巷,121.492126,25.03288678
環河南二段雙園街,121.4913846,25.03204482
環河南二段長順街,121.4907646,25.03135002
環河南二段西藏路,121.4900933,25.03065235
環河南二段西藏路南側,121.489683,25.03031265
環河南二段245號(家禽市場),121.4889943,25.0288452
環河南三段萬大路,121.4955164,25.0167679
環河南三段327號,121.4939869,25.01770202
環河南三段興義街(單閃),121.4903273,25.0256387
長順街60、123巷,121.4888745,25.03235875
環河南三段華中橋上,121.495584,25.01658216
環河南二段250巷17弄,121.491014,25.03361074
萬大路雙和街,121.5004847,25.02763577
洲子街內湖路一段360巷,121.5702724,25.08035659
港華街內湖路一段411巷,121.571909,25.08396019
洲子街內湖路一段518巷,121.5735391,25.07906702
內湖路一段敬業四路,121.558504,25.0848051
內湖路一段203巷,121.563501,25.08325846
內湖路一段285巷,121.5669115,25.08216254
內湖路一段285巷65弄,121.5669398,25.08455174
內湖路一段288巷,121.5683693,25.08210465
內湖路一段351巷(西湖商工),121.5690102,25.08207362
內湖路一段360、411巷,121.5708719,25.08152458
內湖路一段591巷,121.5731494,25.08079662
內湖路一段629巷,121.5744477,25.08028936
內湖路一段737巷,121.5782557,25.07889864
內湖路一段91巷,121.5611757,25.08443007
內湖路一段堤頂二段,121.5604679,25.08461794
內湖路一段港墘路,121.5768694,25.07939355
內湖路一段港墘路(北),121.5771249,25.07980791
內湖路一段港墘路(南),121.5766067,25.07903017
內湖路一段環山路,121.5655257,25.08239562
內湖路一段麗山街,121.5723194,25.08106989
內湖路一段737巷麗山街68巷,121.5791848,25.08207546
內湖路三段金龍路,121.5926887,25.08500164
內湖路三段59、60巷,121.5921927,25.08613854
金龍路內湖路三段141巷,121.589244,25.08624386
金龍路內湖路三段115巷,121.5902922,25.08575221
內湖路二段103巷,121.5827878,25.07981167
內湖路二段434、355巷,121.5921514,25.08348705
內湖路二段76巷,121.5809141,25.07919945
內湖路二段文德路,121.5796209,25.07849458
內湖路二段179巷(達人女中),121.5875665,25.08135627
南京東六段堤頂一段,121.5762035,25.05473641
南京東六段新明路126巷,121.5864608,25.05941139
南京東六段451巷,121.5874261,25.06075998
南京東六段539巷,121.589828,25.06197964
南京東六段北側機車便道,121.5745429,25.05387264
南京東六段新明路426巷,121.5790202,25.05580728
南京東六段潭美街(麥帥一橋下)北側,121.574172,25.05363219
南京東六段潭美街(麥帥一橋下)南側,121.5749308,25.05316301
南京東六段舊宗路一段,121.5814674,25.0570726
南京東六段舊宗下匝道(往西),121.5829383,25.05799831
南京東六段金莊路,121.588714,25.06141157
基湖路洲子街,121.5652008,25.08139793
堤頂一段舊宗路二段(台新銀行),121.5730861,25.07278076
堤頂一段港墘路,121.5722827,25.07451737
堤頂一段行善路,121.5738041,25.05672262
堤頂一段新明路522巷,121.5769087,25.05430341
堤頂二段樂群一路,121.5686225,25.07738314
基湖路堤頂二段,121.5643109,25.07877605
安康路106巷,121.5989014,25.06285957
安康路22、25巷,121.5935134,25.06252467
安康路228巷(南側),121.6033125,25.06311084
安康路32巷,121.5949351,25.06260538
安康路402號,121.613674,25.0661548
安康路51號(永保街),121.5957281,25.06286136
安康路63號(44巷),121.5964166,25.06218151
安康路228巷(北側),121.6032438,25.06360366
安興街行善路59巷,121.5788656,25.05616838
山莊街大湖國小,121.5993765,25.08810062
康寧路三段75巷康寧護校,121.6102006,25.07517152
康寧路三段75巷康寧護校,121.6102006,25.07517152
康寧路三段75巷康寧護校,121.6102006,25.07517152
康寧路一段星雲街,121.5937272,25.07942057
康寧路一段金湖路,121.599573,25.0790042
康寧路三段165巷,121.6112966,25.0704012
康寧路三段16巷,121.6068784,25.07280456
康寧路三段245巷30號(安康公園),121.6123396,25.06691485
康寧路三段26巷,121.6081313,25.07226899
康寧路三段75巷,121.6088594,25.07196142
康寧路三段75巷218弄,121.6141456,25.07647972
康寧路三段75巷186弄,121.6127652,25.0771388
"康寧路三段75巷186弄	1		",121.6127652,25.0771388
"康寧路三段75巷186弄	1		",121.6127652,25.0771388
康寧路三段五分街,121.6118163,25.06771869
康寧路三段安康路,121.6108457,25.06560848
康寧路三段南湖大橋,121.6107731,25.06489491
康寧路三段圓環北側,121.605988,25.07373507
康寧路三段圓環東側,121.6061581,25.07313238
康寧路三段16、99巷(明湖國小),121.6100786,25.07126098
康寧路三段東湖路,121.6121307,25.06886282
康寧路三段75巷50號(公視),121.6091317,25.0739753
康寧路三段75巷50號(公視),121.6091317,25.0739753
康寧路三段75巷50號(公視),121.6091317,25.0739753
康樂街110、111巷,121.6190824,25.07068749
康樂街151巷(東湖國中),121.6193133,25.07188418
康樂街200號,121.6210433,25.07612294
康樂街20、61巷,121.6182638,25.06838639
康樂街201巷,121.6212802,25.07619764
康樂街72、85巷,121.6186726,25.06945657
康樂街安泰街,121.6195009,25.07336074
康樂街康湖路,121.6230557,25.07804631
康樂街康湖路,121.6230557,25.07804631
康樂街康湖路,121.6230557,25.07804631
康湖路安泰街,121.6136598,25.07793311
康湖路安泰街,121.6136598,25.07793311
康湖路安泰街,121.6136598,25.07793311
成功路二段安康路,121.5913199,25.06060859
成功路二段426巷(三軍總醫院),121.5897645,25.07166714
成功路二段內湖匝道,121.5905657,25.06480401
成功路二段內湖消防隊,121.590546,25.06981941
成功路三段文德路,121.5895258,25.07918446
成功路三段星雲街,121.5899468,25.07751244
成功路二段250巷,121.5905302,25.06605624
成功路二段320巷,121.5906985,25.06755116
成功路二段320巷30弄,121.5891853,25.06760877
成功路二段486巷,121.5898544,25.07314454
成功路二段498巷,121.5898911,25.07351987
成功路二段潭美街(成功橋下),121.5916174,25.05996778
成功路二段民權東六段123巷43弄(中華電信),121.5902606,25.07039489
成功路二段安康路東側,121.5928361,25.0618266
成功路二段石潭路,121.5906965,25.06358456
成功路五段152巷,121.6042946,25.08303604
成功路五段170巷,121.6054963,25.08281981
成功路五段420巷,121.6071881,25.0756208
成功路五段450巷420巷,121.6085209,25.07424883
成功路五段大湖街,121.6005262,25.08460411
成功路五段康湖路,121.6064735,25.08194179
成功路五段黃石公廟,121.6070664,25.07836217
成功路四段324巷,121.5987195,25.08469094
成功路四段61巷,121.5923236,25.08210978
成功路四段大湖山莊,121.6014227,25.08427164
成功路四段康寧路一段,121.5908305,25.08066292
成功路四段145號(捷運內湖站旁),121.593621,25.08306845
成功路四段湖光市場,121.5913544,25.08120019
成功路四段金龍路,121.5950571,25.08424398
康湖路安泰街,121.6135839,25.07789398
康湖路安泰街,121.6135839,25.07789398
康湖路安泰街,121.6135839,25.07789398
文德路101巷,121.5836134,25.07851787
文德路220巷,121.5879539,25.07880222
文德路22巷44弄,121.5800886,25.07676329
文德路66巷,121.5811888,25.07847848
文德路66巷14弄,121.581724,25.07711162
文德路江南街,121.5788095,25.07862917
文德路208巷210巷,121.5836062,25.0771257
文德路208巷陽光街66巷69弄,121.5835912,25.07638117
文德路208巷陽光街68巷,121.5835814,25.07583789
文湖街11巷,121.5600585,25.08549837
文湖街21巷,121.5608186,25.08618351
文湖街59巷,121.5628305,25.08671085
文湖街60巷,121.5640503,25.08650178
新明路126巷,121.5871365,25.05797117
新明路174巷,121.5855237,25.05733678
新明路219巷,121.5877498,25.05827984
新明路246巷,121.5837393,25.05661404
新明路298巷16弄,121.5816252,25.05680476
新明路321巷,121.5844559,25.05687566
南京東六段新明路426巷(南側),121.579202,25.05550861
新明路成美橋端,121.5822141,25.05574828
新明路298巷成美橋下,121.5825902,25.05479176
新明路潭美國小,121.5906487,25.06018092
新湖一路民善街,121.5763443,25.05875667
新湖一路行愛路,121.5818093,25.06180059
新湖三路民善街,121.5748529,25.06265795
新湖三路行忠路178巷,121.5839159,25.06603883
新湖三路行忠路28巷,121.5781723,25.0642667
新湖二路新湖三路,121.5846478,25.06504882
新湖二路146巷,121.5792921,25.0625232
新湖二路行愛路,121.5807031,25.06334234
新湖三路行忠路72巷,121.581953,25.06600695
星雲街康寧國小,121.5950277,25.07993202
星雲街150巷,121.5955739,25.08019174
星雲街168巷,121.5964736,25.08069369
新湖二路250巷,121.5828721,25.06463308
東湖路113巷,121.6150935,25.06853163
東湖路119巷(東湖國小),121.6162256,25.06824646
東湖路43巷,121.6140045,25.06877947
東湖路康樂街,121.617549,25.06789412
東湖路113巷49弄,121.6159831,25.07016042
東湖路160巷康樂抽水站,121.6172547,25.06636503
東湖路160巷康樂抽水站,121.6172547,25.06636503
東湖路160巷康樂抽水站,121.6172547,25.06636503
樂群二路堤頂二段,121.5627968,25.08037899
民善街新湖二路,121.5754429,25.06072481
民權東六段136、81巷,121.5878214,25.06903873
民權東六段136巷39弄,121.5877388,25.06634136
民權東六段15巷16號,121.5786421,25.0683386
民權東六段180、123巷,121.592825,25.06890522
SQGXL10民權東六段206巷190巷35弄,121.5956873,25.06652247
SQJWY10民權東六段180巷41、42弄,121.5927074,25.06745726
SQIXF10民權東六段190巷180巷41弄,121.5943273,25.06693516
民權東六段191巷,121.5975519,25.0675172
民權東六段191巷62弄,121.598808,25.06939583
民權東六段245、234巷,121.6004681,25.06690999
民權東六段248巷,121.601388,25.06751495
民權東六段296巷,121.6052038,25.07254389
民權東六段90巷,121.586017,25.06890467
民權東六段國防醫學院,121.5953004,25.06853403
民權東六段康寧路三段,121.6057236,25.07331168
民權東六段成功路二段,121.5908808,25.06894244
民權東六段新湖國小,121.5891317,25.06902262
民權東六段瑞光路,121.584301,25.06878003
民權東六段舊宗路一段,121.57508,25.06580671
民權東六段民善街,121.5741056,25.06516782
民權東六段行愛路,121.5785321,25.06664113
民權東六段高速公路下,121.5815911,25.0679713
瑞湖街民權東六段11巷(大都會),121.5765194,25.06757927
民權東六段136巷成功路二段320巷,121.5877746,25.0676539
民權東六段191巷金湖路363巷,121.5994666,25.07296024
民權東六段19巷瑞光路76巷,121.5790661,25.06892671
民權東六段堤頂一段,121.5723681,25.06487122
江南街65巷,121.577486,25.07738879
洲子街港墘路,121.5759996,25.0780943
洲子街瑞光路583巷,121.5683008,25.08113468
港墘路港華街,121.5782418,25.08217322
港墘路84巷,121.5778347,25.08073959
港墘路瑞光路,121.5749497,25.07636139
港華街109巷,121.5731534,25.08359422
潭美街500巷,121.6027395,25.06101424
潭美街南湖大橋下,121.6112486,25.06375234
南湖大橋康寧抽水站,121.6111776,25.06456411
潭美街安康路106巷,121.5992375,25.0606477
潭美街安康路228巷(內湖焚化爐),121.6035723,25.06116327
潭美街新明路219巷,121.5881292,25.05744846
潭美街新明路321巷,121.5849291,25.05587375
潭美街新明路460巷,121.578762,25.05347487
潭美街新明路536巷,121.5767047,25.05304096
潭美街783號(流浪狗收容所),121.6095092,25.06333617
潭美街491號(安康路44巷),121.5967434,25.06052966
瑞光路188巷,121.5780707,25.07443767
瑞光路江南街,121.5754524,25.07606254
瑞光路陽光街,121.5791618,25.07375638
瑞光路112巷,121.580754,25.07222938
瑞光路132巷,121.5799082,25.07302605
瑞光路358巷,121.5727864,25.07733972
瑞光路478、513巷,121.5694716,25.07882616
瑞光路548、583巷,121.5675137,25.07972323
瑞光路66巷,121.5823093,25.07074984
瑞光路26巷,121.583348,25.06967009
瑞光路76巷,121.5817431,25.0712906
瑞光路316巷(內湖花市),121.5739873,25.07678779
瑞光路基湖路,121.5650329,25.08079668
瑞光路258巷,121.5759811,25.07573668
瑞光路瑞湖街,121.5769367,25.07513684
瑞光路548巷基湖路35巷,121.5671109,25.07905145
瑞光路583巷基湖路3巷,121.5678668,25.08036068
瑞湖街舊宗路二段121巷,121.5764693,25.06900447
瑞湖街陽光路321巷,121.5764091,25.07123423
環山路一段文湖街(德明商專),121.5655348,25.08638589
環山路一段內湖路一段285巷,121.5669178,25.08639065
環山路一段110巷,121.5679343,25.08640919
環山路一段136巷,121.5690505,25.08642613
環山路一段24巷,121.565548,25.08459654
環山路一段28巷,121.5655111,25.08544344
環山路一段西湖國小,121.5655452,25.08382549
環山路三段16巷,121.5793308,25.08462144
內湖路二段179巷236號(碧湖山莊),121.5841703,25.08451441
內湖路二段179巷金龍隧道,121.585157,25.08429272
內湖路二段103巷76號(單閃),121.5810124,25.08322348
環山路三段內湖路二段103巷,121.5809181,25.08468001
環山路二段109巷,121.5760299,25.08445064
環山路二段10巷,121.5710858,25.08632993
環山路二段內湖路一段411巷,121.5727585,25.08569612
環山路二段50巷,121.5737462,25.08532058
環山路二段77巷,121.574619,25.08494767
環山路二段港墘路,121.578158,25.08393708
石潭路南京東六段451巷,121.5862652,25.06248079
石潭路金莊路,121.5876616,25.06275384
石潭路131巷南京東六段539巷,121.5889617,25.06314683
舊宗路一段新湖一路,121.5792375,25.0602058
舊宗路一段新湖二路,121.5779945,25.06177685
舊宗路一段新湖三路,121.5767195,25.06363711
舊宗路一段行善路,121.5801807,25.05889326
舊宗路二段181巷,121.5744063,25.07163749
舊宗路二段北交流道,121.5747648,25.07076156
舊宗路二段121巷(堤頂交流道),121.5747589,25.06923886
舊宗路二段民權東六段11巷25弄,121.5747105,25.06749263
行善路111巷,121.579475,25.05850702
行善路新湖一路339巷,121.5846491,25.06271557
行善路新湖二路,121.5855284,25.06486304
行善路民善街,121.5771422,25.05735819
行善路行愛路,121.5826235,25.06062847
行善路383巷金莊路91巷,121.5876335,25.06367131
金莊路行善路417巷,121.5876835,25.06446418
行忠路行善路,121.5856961,25.06630872
行忠路行愛路,121.5787644,25.06601538
行忠路72巷,121.581355,25.06698338
行愛路140巷,121.5800428,25.06417655
行愛路78巷,121.5812463,25.06257751
行愛路新湖三路,121.5795531,25.06490569
金湖路17號,121.5957183,25.08348778
金湖路347、326巷,121.6018917,25.07413798
金湖路358、401巷,121.6040877,25.07353945
金湖路363巷25弄(麗湖國小),121.6015187,25.07328112
金湖路47巷,121.5967029,25.0824005
金湖路星雲街,121.5975123,25.08144237
金湖路101號(汽訓中心),121.5980863,25.08081234
金湖路363巷(團管區),121.6029212,25.07360404
金豐路金莊路,121.5877467,25.06538951
金龍路213巷,121.5871687,25.08795613
金龍路47巷,121.593712,25.08478757
金龍路內湖路三段59巷,121.5916136,25.08526485
金龍路碧湖國小,121.5911496,25.0854418
金龍路167巷金龍隧道,121.5885401,25.08663149
金龍路238號(光華公車),121.5864472,25.08868292
陽光街161巷,121.5852047,25.07499265
陽光街68巷,121.5866432,25.07648075
陽光街文德路208巷,121.5835651,25.07499825
陽光街文德路220巷,121.5881418,25.07699748
陽光街瑞湖街,121.5760833,25.07283651
陽光街22巷(文德派出所),121.5810684,25.0745505
麗山街348巷麗山國小,121.5728464,25.08223892
瑞光路76巷47號,121.5803925,25.07039047
瑞光路66巷33、36號,121.5811637,25.06968425
內湖路二段263巷(消防局),121.5903382,25.08199952
內湖路二段263巷(消防局),121.5903382,25.08199952
內湖路二段263巷(消防局),121.5903382,25.08199952
內湖路二段103巷麗山街145巷,121.5811713,25.08186481
內湖路二段103巷麗山街145巷,121.5811713,25.08186481
內湖路二段103巷麗山街145巷,121.5811713,25.08186481
汐止吉林街內溝溪二號疏散門,121.6178177,25.06581311
基湖路35巷,121.5647315,25.07995288
潭美街行人自行車涵洞(南湖大橋東側),121.613815,25.06529978
八德路一段新生南一段,121.5329236,25.04435431
八德路一段43、82巷,121.5317886,25.04408901
八德路一段金山北路,121.530166,25.04372845
三元街寧波西街,121.5113758,25.02799267
思源街永福橋頭,121.530196,25.01350206
思源街永福橋頭(調撥),121.5300775,25.01344424
水源路思源街,121.528343,25.011841
水源路永春街200巷,121.5260823,25.01520237
水源路31巷,121.5242775,25.01797768
公園路北平西路,121.5179601,25.04699339
公園路弘道國中,121.5150876,25.03742854
公園路師範附小,121.515006,25.03599851
中山北一段北平東路,121.5203314,25.04714724
中山南路青島東路,121.5192699,25.04450478
中山南路濟南路一段,121.5189249,25.04329357
中山南路徐州路,121.5185688,25.04189561
中山南路常德街,121.5181005,25.04069838
中山南路愛國東路,121.5166997,25.03492893
中山南路貴陽街一段,121.5173636,25.03798712
延平南路中華路二段75巷,121.5073747,25.03359128
仁愛路一段中山南路,121.5176788,25.03927727
仁愛路一段紹興南街,121.5233954,25.03859765
仁愛路一段林森南路,121.5215919,25.03878993
仁愛路一段杭州南一段,121.5251995,25.03831191
仁愛路二段新生南一段,121.5327713,25.03818615
仁愛路二段金山南一段,121.5283047,25.03825105
仁愛路二段臨沂街,121.5293739,25.03820425
北平東路天津街,121.5220809,25.04674311
北平東路林森北路,121.5238505,25.04631993
北平東路紹興北街,121.5254983,25.04585788
西藏路惠安街,121.5059479,25.03041608
西藏路忠義國小,121.5050204,25.03016636
汀州路一段莒光路,121.5067749,25.03121967
汀州路一段西藏路,121.5072511,25.03059492
汀洲路一段南海路,121.5085348,25.02896239
汀洲路一段寧波西街,121.5109065,25.02707283
汀州路一段三元街212巷,121.5122289,25.02664097
汀洲路二段泉州街,121.5139468,25.02625231
汀洲路二段重慶南三段,121.5164218,25.02563007
汀洲路二段廈門街,121.5174252,25.02540229
汀州路二段牯嶺街,121.5190551,25.02508068
汀洲路二段強恕中學,121.5201909,25.02479499
汀洲路二段同安街,121.5217298,25.0241264
汀洲路二段河堤國小,121.5226703,25.02330596
汀洲路二段金門街,121.5238594,25.02221546
汀洲路二段師大路,121.5254413,25.02089506
辛亥路一段汀洲路三段,121.5273212,25.01833463
汀州路三段羅斯福四段136巷,121.5352529,25.01259511
汀州路三段羅斯福四段24巷,121.5323779,25.01498221
汀州路三段羅斯福四段90巷,121.5344411,25.01351599
汀州路三段思源街,121.5322202,25.01510523
汀州路三段羅斯福四段284巷,121.5313317,25.01571522
汀洲路三段111巷,121.529918,25.01671028
汀洲路三段101號(中華福音),121.5294127,25.01702925
羅斯福二段南昌路二段,121.5248411,25.02371941
羅斯福三段浦城街,121.5262961,25.02231387
羅斯福三段師大路,121.527715,25.02110411
辛亥路一段羅斯福三段,121.5292489,25.01959409
羅斯福三段269巷,121.5304319,25.01861016
羅斯福三段244巷(台電大樓),121.5314817,25.01739415
羅斯福三段新生南三段,121.532818,25.01621627
羅斯福四段90巷,121.5351086,25.01404212
基隆路四段汀州路四段,121.5362435,25.01106089
師大路水源路,121.5225992,25.02029555
延平南路開封街一段,121.5106848,25.04599628
延平南路漢口街一段,121.5104488,25.04515454
延平南路衡陽路,121.5096222,25.04219636
延平南路寶慶路,121.5094499,25.04167707
延平南路貴陽街一段,121.5087196,25.03910857
延平南路廣州街,121.5077471,25.03571839
武昌街一段博愛路,121.5115204,25.04410232
林森南路61巷,121.5219234,25.0399522
杭州南一段青島東路,121.5264812,25.04275955
杭州南一段徐州路,121.5257217,25.04018822
杭州南二段潮州街,121.5219945,25.02955851
杭州南二段金華街,121.5222639,25.03087432
杭州南二段愛國東路,121.5225278,25.03230689
杭州南二段羅斯福二段,121.5215692,25.02825136
金山南一段110巷(東門市場),121.5273644,25.03505608
和平東一段羅斯福二段,121.5224455,25.02702562
和平西一段牯嶺街,121.5189775,25.02646152
和平西一段南昌路二段,121.5210358,25.02686096
和平西一段廈門街,121.5179607,25.02672863
和平西一段重慶南三段,121.5159688,25.02722206
和平西二段延平南路,121.5069931,25.03196378
和平西二段莒光路,121.5078027,25.03127111
和平西二段南海路,121.5092788,25.03051393
和平西二段寧波西街,121.5121019,25.02899694
和平西二段泉州街,121.5145532,25.02767287
三元街230巷,121.5128515,25.02757765
三元街152號,121.5107902,25.02820351
三元街116號,121.510203,25.02851203
長沙街一段延平南路,121.5090834,25.04032828
長沙街一段桃源街,121.5103018,25.04021501
許昌街公園路,121.5172652,25.04546952
青島西路公園路,121.5171415,25.04501839
青島西路7號,121.5179747,25.04482498
青島東路鎮江街,121.5212623,25.04403566
青島東路林森南路,121.5229927,25.0436151
青島東路紹興南街,121.5247599,25.04317837
忠孝東一段中山北一段,121.519601,25.04567665
忠孝東一段天津街,121.521615,25.04519229
忠孝東一段林森南路,121.5233719,25.04479305
忠孝東一段紹興南街,121.5251212,25.04442213
忠孝東一段杭州南一段,121.5268003,25.04395199
忠孝東二段金山南一段,121.5299823,25.04312937
忠孝東二段新生南一段,121.5328309,25.04233441
忠孝東二段臨沂街,121.5307309,25.04289675
忠孝東二段八德路一段,121.5290504,25.04334459
忠孝西一段博愛路,121.511346,25.04745837
忠孝西一段中華路一段,121.5109464,25.04817102
忠孝西一段重慶南一段,121.5132863,25.04721814
忠孝西一段館前路,121.5149777,25.04682522
忠孝西一段公園路,121.5174595,25.04608774
南海路南昌路一段,121.5163715,25.032409
南海路建國中學,121.5121269,25.03134006
南海路國語實小,121.5110339,25.03108832
南海路三元街,121.5088758,25.0295443
南海路牯嶺街,121.5149335,25.03210098
南海路詔安街,121.5083085,25.02851193
南海路惠安街,121.5080553,25.02809355
同安街南昌路二段,121.5227234,25.02536884
南昌路二段202巷,121.5242052,25.02419227
重慶北一段北平西路,121.5133178,25.04826761
重慶南一段開封街一段,121.5132539,25.04599412
重慶南一段漢口街一段,121.5132251,25.04515212
重慶南一段武昌街一段,121.5132106,25.04403266
重慶南一段襄陽路,121.5132274,25.04344142
重慶南一段衡陽路,121.5131969,25.0423067
重慶南一段寶慶路,121.513025,25.04099992
重慶南一段凱達格蘭,121.5128613,25.0398812
重慶南一段貴陽街一段,121.5128108,25.03875
重慶南一段愛國西路,121.5124664,25.03522806
重慶南二段6巷,121.5128448,25.03442334
南海路泉州街,121.5136249,25.0317069
重慶南二段南海路,121.5144069,25.03191206
重慶南二段寧波西街,121.5152583,25.02979376
重慶南三段廈門街74巷,121.5166231,25.02487536
重慶南三段廈門街114巷,121.5169489,25.02307689
重慶南三段146巷,121.5169178,25.02389304
信義路一段林森南路,121.5210619,25.03705481
信義路一段紹興南街,121.5227094,25.03622166
信義路一段杭州南一段,121.5242717,25.03541699
信義路二段新生南一段,121.5326554,25.03355547
信義路二段金山南一段,121.5272357,25.03411209
信義路二段永康街,121.5300262,25.03366176
徐州路林森南路,121.52222,25.04105223
徐州路紹興南街,121.5239903,25.0406221
紹興南街丹陽街,121.523673,25.03943428
常德街公園路,121.5160627,25.04127514
開封街一段博愛路,121.5112776,25.04599558
開封街一段懷寧街(單閃),121.5141909,25.045971
貴陽街一段桃源街,121.5101685,25.03899656
貴陽街一段公園路,121.5152559,25.03855424
貴陽街一段博愛路,121.5111601,25.0389594
公園路凱達格蘭,121.515543,25.03951146
詔安街泉州街,121.5131127,25.0251806
新生南一段濟南路二段,121.5327735,25.04018675
新生南一段132巷,121.5327004,25.036714
福州街南昌路二段,121.5188326,25.02899366
福州街牯嶺街,121.5177156,25.02830382
愛國東路大孝門,121.5209812,25.03311214
愛國東路寧波東街,121.5204394,25.03325904
愛國東路40號(國家兩廳院),121.5183337,25.03424565
愛國西路公園路,121.5150022,25.03553187
愛國西路延平南路,121.5080822,25.03699115
愛國西路博愛路,121.51079,25.03557368
廈門街113巷牯嶺街,121.5190297,25.02338233
廈門街114巷,121.5173967,25.02320904
廈門街牯嶺街,121.5183099,25.0274346
漢口街一段博愛路,121.5114292,25.04513876
漢口街一段懷寧街(單閃),121.5141364,25.04515234
漢口街一段館前路,121.514989,25.0451319
南昌路一段寧波西街,121.5175674,25.03071646
寧波東街金華街,121.5197646,25.03204116
寧波西街牯嶺街,121.5164047,25.03008996
寧波西街泉州街,121.5142076,25.029558
寧波西街181巷(單閃),121.5107676,25.0266142
寧波西街詔安街,121.5105375,25.02589211
廣州街南門國小,121.5090739,25.03536212
廣州街8巷,121.5083189,25.03555332
衡陽路博愛路,121.5114788,25.0422698
衡陽路懷寧街,121.5140223,25.04234839
襄陽路懷寧街,121.514088,25.04345589
襄陽路館前路,121.5150431,25.04342752
襄陽路公園路,121.5166475,25.04328998
濟南路一段鎮江街,121.5209875,25.04283854
濟南路一段林森南路,121.5226039,25.04241915
濟南路一段紹興南街,121.5243317,25.0419348
濟南路一段杭州南一段,121.526091,25.04158112
濟南路二段金山南一段,121.5291228,25.04086094
濟南路二段48巷,121.5311322,25.04035231
金山南一段銅山街,121.528729,25.03944343
博愛路永綏街,121.5114987,25.04307333
寶慶路博愛路,121.5114109,25.04121733
寶慶路桃源街,121.5104256,25.04134265
羅斯福一段寧波西街,121.5191143,25.03163781
羅斯福一段南海路,121.5181116,25.03291521
羅斯福一段福州街,121.5204426,25.02974644
民權西路天祥路,121.5208396,25.06283647
復興北路錦州街,121.5442264,25.06015453
復興北路興安街,121.5441058,25.05603613
復興北路長春路,121.5441007,25.05456257
復興北路朱崙街,121.5439187,25.04990183
南京東三段復興北路,121.5440466,25.05181629
長安東二段復興北路,121.54396,25.0482563
民生東三段復興北路,121.5441678,25.05774119
遼寧街128巷,121.5420802,25.05334771
八德路二段復興北路,121.5439289,25.0475583
復興北路141巷,121.5440194,25.05331178
南京東三段龍江路,121.5404509,25.05191824
南京東三段遼寧街,121.5420293,25.05188865
長安東二段龍江路,121.5404117,25.04832845
長安東二段八德路2段199巷,121.539063,25.04831357
長安東二段遼寧街,121.5421477,25.04829196
民生東三段龍江路,121.5406559,25.05780334
民生東三段合江街,121.5391701,25.05782977
市民三段復興南一段,121.5439037,25.04481564
朱崙街龍江路,121.5404376,25.04998903
龍江路中正國小,121.5404477,25.05064034
八德路二段遼寧街,121.542183,25.04713789
朱崙街遼寧街,121.5421879,25.0499649
長春路遼寧街,121.5421041,25.05462129
興安街遼寧街,121.5421377,25.05606576
民生東三段遼寧街,121.5421815,25.0577817
長春路合江街,121.5390635,25.05468874
興安街合江街,121.5391306,25.05614023
錦州街合江街,121.5392152,25.06022178
錦州街龍江路,121.5407454,25.06022599
新生北二段錦州街,121.5276885,25.06031973
林森北路錦州街,121.5255657,25.06027783
中山北二段錦州街,121.5229635,25.06031287
錦州街中原街,121.5289475,25.06033393
錦州街吉林路,121.5302562,25.06029996
吉林路松江路330巷,121.5302583,25.06118432
松江路錦州街,121.5331828,25.06033512
錦州街267號,121.5348577,25.06030858
建國北二段錦州街,121.5369982,25.0602884
長春路龍江路,121.5404992,25.0546264
長春路吉林路,121.5301507,25.05484626
長春路一江街,121.531537,25.05483652
長春路吉林國小,121.5296205,25.05485795
長春路松江路,121.533075,25.05480703
長春路163巷,121.5336378,25.05480365
長春路伊通街,121.5348084,25.05477502
建國北二段長春路,121.536832,25.05475918
中山北二段長春路,121.5226658,25.05498097
林森北路長春路,121.525461,25.05492502
新生北二段長春路,121.5274332,25.05489783
南京東二段吉林路,121.5300796,25.05203336
南京東二段21巷,121.5287773,25.05205127
南京東二段一江街,121.5314784,25.05201044
南京東二段松江路,121.5330418,25.0519901
南京東二段伊通街,121.5347814,25.05199033
南京東二段建國北一段,121.5367502,25.0519637
南京東一段中山北一段,121.5225211,25.05221359
南京東一段林森北路,121.5253899,25.05211821
南京東一段新生北二段,121.5276907,25.05212608
建國南一段市民三段,121.5366203,25.04476227
八德路二段建國北一段,121.5366632,25.04607047
長安東二段建國北一段,121.5366946,25.04837408
建國北一段88巷(迴轉道),121.5367709,25.04956841
建國北二段興安路,121.5368756,25.05619607
民生東二段建國北二段,121.536913,25.05788627
民權東二段建國北二段,121.5370247,25.06239124
民生東一段中山北二段,121.5228217,25.05789578
民生東一段林森北路,121.5254955,25.05805217
民生東一段23巷,121.5240808,25.05804328
民生東一段新生北二段,121.5275721,25.05800751
民生東二段吉林路,121.5302233,25.05795219
民生東二段松江路,121.5331345,25.05790236
民生東二段147巷,121.5348592,25.05790563
民生東二段中原街,121.5288975,25.05800056
民生東二段132巷,121.5318642,25.05793619
民生東二段115巷,121.5315898,25.05793628
民權東一段林森北路,121.525631,25.0626668
新生北二段(新興國中後),121.5275163,25.06162703
民權東一段新生北二段,121.5277248,25.06261087
民權東一段中山北二段,121.5226058,25.06274429
民權東一段雙城街,121.524277,25.06272779
民權東二段松江路,121.5331978,25.06247707
民權東二段吉林路,121.5302904,25.06253705
民權東二段中原街,121.528966,25.06259413
民權東二段135巷,121.5349117,25.06245541
民權東二段71巷,121.5317005,25.06251387
民權東三段39、60巷,121.5424633,25.06234609
民權東三段龍江路,121.5408117,25.06231075
民權東三段復興北路,121.5442484,25.06219787
長安東二段吉林路,121.5299885,25.04851812
新生北一段吉林路10巷,121.5286625,25.04992982
吉林路10巷(長安國小),121.5300187,25.04972661
吉林路14巷,121.5300427,25.05052345
四平街吉林路,121.5301156,25.05366044
吉林路144、181巷,121.5301631,25.05605449
農安街吉林路,121.5303554,25.06481577
德惠街吉林路,121.5304171,25.06657977
民族東路吉林路,121.5304587,25.0682646
北安路55號,121.5290051,25.07780194
中山北四段北安路,121.5270757,25.07641676
北安路海總西側,121.5350162,25.07792698
北安路明水路(海總前),121.5389854,25.07769359
北安路87巷,121.5302775,25.07799184
北安路海總正門,121.5380229,25.07773726
北安路海總東側門,121.539077,25.07940733
北安路通北街,121.5410839,25.07949562
北安路大直橋,121.5444349,25.07968859
北安路458巷大直橋下,121.544615,25.07788704
北安路大直街,121.5470622,25.07983019
北安路554巷,121.5481693,25.08048139
北安路588巷,121.5485829,25.08118842
北安路595、608巷,121.5487972,25.08205765
明水路北安路670巷,121.5507894,25.0837607
北安路630巷,121.5490174,25.08284886
北安路670巷,121.5493256,25.08408714
北安路敬業三路,121.556329,25.08464056
北安路劍南路,121.5538853,25.08536209
北安路明水路(隧道前),121.552594,25.08570288
北安路自強隧道,121.5494004,25.08586041
北安路圓環南側,121.5502251,25.08523055
北安路圓環北側,121.5503812,25.08618795
北安路518巷458巷41弄,121.5462118,25.07904781
北安路554巷8弄,121.5503028,25.07999122
北安路554巷永安國小,121.5493607,25.08001209
明水路397巷19弄永安國小,121.5496177,25.07860838
北安路554巷578巷8弄,121.548622,25.08014622
北安路621巷大直街,121.5463438,25.08291249
民族東路410巷龍江路356巷,121.5382908,25.06598941
民族東路建國北三段113巷,121.5363632,25.06815352
民族東路410巷2弄建國北路2段113巷(單閃),121.5362366,25.06676708
民族東路復興北路,121.5442923,25.06640258
民族東路540號,121.5432764,25.06716869
民族東路雙城街,121.5246395,25.06839951
民族東路410巷,121.5382859,25.0681389
民族東路龍江路,121.5410299,25.06813566
民族東路林森北路,121.5257717,25.06835852
新生北三段民族東路,121.5278715,25.06833299
民族東路松江路,121.5332348,25.0682108
中山北三段民族東路,121.5228747,25.06843869
渭水街松江路,121.5328894,25.04585093
市民三段松江路,121.5328721,25.04540613
松江路25巷,121.5328994,25.04705706
長安東二段松江路,121.5329003,25.04844641
松江路85巷,121.5329786,25.05016238
一江街松江路90巷,121.5314595,25.05050476
四平街松江路,121.5330158,25.05362689
農安街松江路,121.5332512,25.06474771
農安街民權東路2段135巷,121.5350316,25.06462055
德惠街松江路,121.5332618,25.06651862
市民二段長安東一段30巷,121.5260405,25.04759304
長安東一段77、52巷,121.5281088,25.04830721
長安東一段新生北一段,121.5296066,25.0482301
市民二段長安東一段52巷,121.5276994,25.04695065
長安東二段36巷,121.5314428,25.04846292
長安東二段伊通街,121.5347326,25.04841614
長安東一段30、53巷,121.5263639,25.04873282
長安東一段林森北路,121.5245513,25.04912901
長安東一段天津街,121.5228298,25.04954303
中山北一段長安東一段,121.5216154,25.04983579
建國北三段農安街,121.5366161,25.06484767
建國北三段22巷,121.5368251,25.06376176
建國北三段75巷,121.5370183,25.06499334
建國北三段62號(匝道口),121.5362805,25.06532188
建國北三段151巷,121.5345397,25.06732537
建國北三段96號,121.5342302,25.06699746
市民二段林森北路,121.5241671,25.04777268
林森北路107巷,121.5248995,25.05032089
林森北路235巷(欣欣大眾公司),121.5254319,25.0538821
林森北路310巷,121.5254849,25.0562375
林森北路新興國中,121.5256218,25.06168461
農安街林森北路,121.5257045,25.06490656
德惠街林森北路,121.5257361,25.06666352
林森北路中山國小,121.5256939,25.06407334
樂群二路敬業四路,121.5585027,25.07991391
樂群二路敬業三路,121.5562944,25.07989791
植福路樂群二路,121.5618088,25.08003444
明水路樂群二路,121.5521052,25.07994164
樂群二路敬業一路,121.5532328,25.07992199
樂群二路214號(敬業三路162巷),121.559645,25.0798657
八德路二段渭水路,121.5355628,25.04561908
新生北一段47巷,121.5300923,25.04795647
新生北一段62巷,121.5307506,25.04693305
新生北三段農安街,121.5279336,25.06483395
新生北三段德惠街,121.5279314,25.06659907
新生北三段84巷,121.5278047,25.0669581
濱江街大直橋,121.5442746,25.07218379
濱江街大佳國小,121.535586,25.07312047
濱江街180巷,121.5384414,25.07252106
濱江街基8號水門(單閃),121.5398925,25.07260368
濱江街362號,121.5511642,25.07221656
新生北三段濱江街,121.5280431,25.0706553
濱江街150號,121.5367308,25.07255752
濱江街交流道口,121.5423802,25.07233557
濱江街高速公路涵洞,121.535831,25.07258708
濱江街高速下匝道,121.5314649,25.07203248
濱江街林安泰古厝,121.5300555,25.07142061
復興北路430巷,121.5442311,25.06335157
復興北路五常街,121.5442723,25.06428786
農安街中原街,121.5290451,25.06483505
中原街吉林路144巷,121.5288502,25.05606129
植福路樂群三路,121.5606522,25.0826139
植福路敬業四路,121.5585269,25.08390313
敬業三路植福路,121.5563195,25.08393524
樂群一路敬業三路,121.5563226,25.07714718
敬業三路162巷,121.5563158,25.07921606
樂群三路敬業三路,121.5563313,25.08263266
敬業四路樂群三路,121.558526,25.08261056
敬業一路敬業二路,121.5543936,25.08396784
敬業二路樂群三路,121.5543814,25.08266569
敬業一路樂群三路,121.5522988,25.08267056
敬業一路明水路606巷,121.5525653,25.08192842
敬業一路128巷,121.5522738,25.08343076
明水路樂群三路,121.5511247,25.08269097
樂群一路基湖路,121.5631706,25.07610986
明水路樂群一路,121.5509165,25.07731575
植福路286巷,121.5611416,25.08158354
明水路606巷,121.5513923,25.08192097
明水路475巷,121.5515547,25.07776231
新生北二段62巷,121.5273971,25.05607738
中山北三段農安街,121.5222646,25.0648855
中山北三段德惠街,121.5224437,25.06681757
中山北三段酒泉街,121.5234489,25.07071351
中山北四段1巷(上圓山飯店),121.5257622,25.07438413
中山北四段圓山隧道(上新生高匝道),121.5252972,25.07684258
龍江路345巷復興北430巷,121.5425323,25.06334143
五常街龍江路,121.5409372,25.06428884
龍江路356巷,121.540969,25.0659157
雙城街德惠街,121.5242797,25.06669328
農安街德惠街170巷,121.5317425,25.0647864
明水路北安國中,121.541616,25.07754501
明水路大直橋下,121.5445971,25.0773038
新生北二段28巷,121.5273702,25.05379398
中山北一段市民一段,121.5207375,25.04801781
新生北三段德惠街(南向),121.5276237,25.06621417
樂群二路濱江國中,121.5601919,25.07987932
市民三段八德路二段210巷,121.539536,25.04460973
市民三段安東街,121.5424019,25.04463695
建國北二段117巷,121.5371472,25.05965912
建國北二段186巷,121.5367108,25.05966829
樂群二路敬業二路,121.5543774,25.07993822
八德路二段167巷,121.5381532,25.0462881
八德路二段199、210巷,121.5391402,25.04647304
八德路二段龍江路,121.5405278,25.0467239
八德路二段安東街,121.5415147,25.04697194
八德路二段市民三段,121.5346353,25.04495492
市民二段金山北路,121.5307135,25.04602414
市民二段林森東側,121.5259425,25.04726796
市民二段5號,121.5214615,25.04796215
市民二段天津街,121.5224051,25.04791898
興安街龍江路,121.5405547,25.05608618
四平街一江街,121.5314976,25.05362203
天津街32號,121.52269,25.04904676
明水路397巷,121.5477016,25.07735169
明水路397巷,121.5477016,25.07735169
明水路397巷,121.5477016,25.07735169
信義路四段敦化南一段,121.548759,25.033318
安和路一段仁愛路四段266巷,121.552422,25.036169
延吉街光復南路456巷,121.556053,25.035055
安和路一段109巷,121.552567,25.035372
敦化南一段安和路,121.549088,25.040024
信義路四段安和路一段,121.552475,25.033171
羅斯福路4段113巷空戰司令部,121.5409669,25.01133737
基隆路四段41巷68弄公館國小,121.5428069,25.01253071
基隆路四段41巷68弄6號(台科大宿舍門口),121.5422146,25.01212089
忠孝東三段建國南一段,121.537056,25.041737
忠孝東三段217巷,121.539703,25.041626
忠孝東三段251巷,121.541634,25.041647
忠孝東三段復興南一段,121.543648,25.041595
忠孝東四段大安路一段,121.54612,25.041569
忠孝東四段118巷,121.547195,25.041559
忠孝東四段敦化南一段,121.548943,25.041517
忠孝東四段170巷,121.550812,25.041409
忠孝東四段216巷,121.55304,25.041361
忠孝東四段延吉街,121.554565,25.041391
建國南一段濟南路三段,121.537674,25.04011
仁愛路三段建國南一段,121.537903,25.037949
仁愛路三段空軍總部,121.539856,25.038033
仁愛路三段復興南一段,121.543571,25.037983
仁愛路四段大安路一段,121.546043,25.037914
仁愛路四段敦化南一段,121.54882,25.037876
東豐街四維路,121.548126,25.035982
大安路一段東豐街,121.546028,25.036007
復興南一段東豐街,121.543648,25.036032
和平東三段敦化南二段,121.548744,25.024597
四維路170巷,121.547997,25.028166
敦化南二段81巷45弄,121.550438,25.029919
敦化南二段54、63號,121.5487492,25.03098218
敦化南二段63巷21弄,121.5501064,25.03093544
敦化南二段63巷53、54弄,121.551564,25.03097588
敦化南二段96、107巷,121.548752,25.028128
新生南二段金華街,121.533737,25.030615
建國南一段258巷,121.537468,25.036816
建國南一段延平中學,121.538261,25.036341
辛亥路三段停車場,121.552818,25.014635
辛亥路三段第二殯儀館,121.552589,25.014368
辛亥路三段284巷,121.551308,25.015236
辛亥路三段青峰里公園,121.551483,25.015444
基隆路三段長興街,121.544334,25.017212
基隆路四段144巷,121.539505,25.013123
基隆路四段科技大學,121.540512,25.013832
芳蘭路基隆路三段155巷,121.54509,25.012552
基隆路三段156、155巷,121.542679,25.015659
臥龍街富陽街,121.5568644,25.01853662
仁愛路四段266巷8弄,121.552933,25.037027
建國南一段新生南一段161巷,121.5375942,25.03448598
復興南一段84、107巷,121.543961,25.043631
復興南一段196、201號,121.543785,25.039818
信義路三段復興南一段,121.543472,25.033367
敦化南一段190、187巷,121.548996,25.042587
仁愛路四段敦化南一段(南側),121.54882,25.037024
敦化南一段314、295號,121.548798,25.035561
仁愛路四段安和路一段,121.551208,25.037914
仁愛路四段延吉街,121.55555,25.037676
延吉街233巷,121.5555454,25.03701088
信義路三段建國南一段,121.537788,25.033455
仁愛路四段266巷,121.55294,25.037704
安和路二段文昌街,121.552429,25.032589
文昌街通安街,121.5533256,25.03253311
通化街文昌街,121.5542862,25.03243306
文昌街信義路四段186巷,121.55162,25.032677
信義路四段186巷,121.5516017,25.03323021
安和路二段52、59巷,121.5524443,25.03097586
信義路四段186巷東方工商,121.551575,25.032192
和平東二段復興南二段,121.543388,25.02483
基隆路三段辛亥路二段,121.546417,25.019093
基隆路三段樂業街,121.55024,25.022377
基隆路三段敦化南二段,121.548492,25.020815
敦化南二段200、319號,121.548691,25.022799
敦化南二段遠企中心,121.548744,25.026884
敦化南二段81巷,121.5488378,25.0299783
復興南二段瑞安街,121.5435532,25.02992523
復興南二段78、53巷,121.5435761,25.03108746
金山南二段金華街,121.526543,25.030195
基隆路四段羅斯福四段,121.5372789,25.01108247
瑞安街180巷,121.5412154,25.02851384
愛國東路79巷(加油站),121.527451,25.031595
仁愛路三段123巷,121.541954,25.03817
羅斯福四段113巷民族國中,121.5388867,25.01131303
金華街青田街,121.5315482,25.03002101
金華街永康街,121.5295213,25.02977532
金華街164巷,121.53064,25.029789
金華街麗水街,121.5285318,25.02988053
信義路三段134巷建國南二段151巷,121.539383,25.028774
信義路三段134巷建國南二段69巷,121.539429,25.031158
大安路二段建安國小,121.546043,25.029383
金山南二段潮州街,121.526321,25.028885
信義路四段通化街,121.554352,25.033136
愛國東路電信,121.525452,25.031895
愛國東路21、210巷,121.524033,25.032122
信義路三段134巷,121.539444,25.033474
信義路三段43號,121.5358125,25.03350301
信義路三段166巷,121.541862,25.03343
臥龍街306號,121.5598831,25.01678558
臥龍街260號,121.5578544,25.01779345
和平東三段632、636巷,121.5634106,25.01289429
和平東三段627、631巷,121.5632769,25.01329234
和平東三段530巷(公車麟光站),121.5610515,25.01556275
和平東三段596、599號,121.5623681,25.0142035
臥龍街276、293號,121.5583847,25.01703367
臥龍街151巷辛亥路三段157巷,121.550865,25.018345
臥龍街和平東三段406巷(加油站),121.5573989,25.01844534
臥龍街樂業街,121.554588,25.018696
新生南三段94、98巷,121.5333305,25.01702076
新生南三段台大側門,121.5337085,25.01876749
新生南三段56巷,121.534004,25.020426
新生南三段龍安國小,121.5346414,25.02407809
新生南二段青田街,121.5345202,25.02833596
辛亥路三段157巷,121.549126,25.017115
辛亥路二段復興南二段,121.543365,25.021276
辛亥路二段171巷,121.5411063,25.02136205
辛亥路一段泰順街,121.531784,25.021885
辛亥路一段139巷對側,121.5326453,25.02209292
辛亥路一段139巷,121.5325686,25.02233672
辛亥路一段溫州街,121.5331966,25.02242734
辛亥路一段新生南三段,121.534416,25.022448
辛亥路二段建國南二段,121.537592,25.02282579
安居街108巷臥龍街151巷,121.551689,25.019463
安居街樂業街,121.553459,25.019667
和平東三段416巷(出城),121.559158,25.018082
和平東三段463巷(入城),121.558975,25.018467
和平東三段臥龍街316號,121.5602211,25.0164747
和平東三段464、509巷,121.5601323,25.01706118
和平東三段391巷,121.5575217,25.01966595
和平東三段406巷,121.5584289,25.01880812
和平東三段富陽街,121.5565561,25.02054907
和平東三段安居街,121.555489,25.021475
師大路39巷,121.5285654,25.02463458
師大路80巷,121.5284465,25.02330739
樂業街臥龍街151巷,121.552689,25.020329
復興南二段340巷,121.543312,25.022711
復興南二段337、308巷,121.543381,25.023573
復興南二段148、151巷,121.543488,25.028368
復興南二段160、171巷,121.5434641,25.02776363
復興南二段148巷開平中學,121.542,25.028421
復興南二段210、193號,121.543343,25.026501
復興南一段295巷,121.543755,25.035103
和平東三段信安街,121.554695,25.022444
和平東三段嘉興街,121.553963,25.023026
和平東三段基隆路二段,121.552513,25.024332
和平東三段安和路二段,121.550453,25.024479
和平東三段臥龍街,121.546661,25.024593
和平東二段科技大樓,121.5417263,25.02509691
和平東二段107巷,121.540184,25.025269
和平東二段90巷龍門國中,121.5395197,25.02380961
和平東二段瑞安街,121.538841,25.025469
和平東二段建國南二段,121.537651,25.025663
和平東一段新生南二段,121.534828,25.026049
和平東一段溫州街,121.5336268,25.02625375
和平東一段泰順街,121.531739,25.02637953
和平東一段師大路,121.528511,25.026571
和平東一段141巷,121.5304064,25.0265053
和平東一段師大大門,121.5275698,25.02665989
和平東一段金山南二段,121.525932,25.026791
和平東一段41巷,121.523926,25.02693
和平東二段311巷(國立台北師院),121.545044,25.024656
安和路二段227巷,121.550331,25.025358
安和路二段189巷,121.5498737,25.02687799
樂利路安和路二段171巷,121.551147,25.02813
安和路二段樂利路,121.5507729,25.02903574
安和路二段立人小學,121.551743,25.02984
安和路二段171、108號,121.550568,25.027939
樂利路通化街,121.552071,25.025854
建國南一段65巷,121.536888,25.043921
建國南一段101巷,121.5366713,25.04329721
建國南一段341巷,121.537979,25.034424
建國南二段151巷,121.5377303,25.02884002
建國南一段175巷,121.5374531,25.04078539
建國南二段瑞安街256巷(東),121.5379853,25.02770689
建國南二段瑞安街256巷(西),121.5374461,25.02771585
建國南二段陽光洗車,121.5376465,25.02496698
建國南二段79巷,121.5379963,25.03080308
建國南二段陽光加油站,121.5375242,25.03080773
建國南二段信義南側迴轉道(東),121.5380493,25.03234555
建國南二段信義南側迴轉道(西),121.5375246,25.03235996
四維路192巷,121.547989,25.02706
四維路154巷,121.547958,25.030954
四維路76巷(單閃),121.548103,25.034191
通化街171巷,121.553619,25.02804
樂利路11巷通安街,121.5526314,25.02831968
大安路二段174號,121.546013,25.028246
大安路二段55、100號,121.5460486,25.03101617
大安路一段113、116巷,121.546074,25.039761
潮州街麗水街(單閃),121.5283097,25.02857334
潮州街59巷,121.5241797,25.02927652
臨江街通化街,121.554268,25.030113
信義路四段大安路,121.545998,25.033293
愛國東路麗水街,121.528839,25.031357
金山南二段31巷,121.5270869,25.0330193
金山南二段愛國東路,121.5268373,25.03166658
仁愛路三段幸安國小,121.535133,25.03771
仁愛路四段27巷大安路一段116巷,121.545212,25.039787
市民延吉街南側停車場,121.553857,25.04395492
延吉街70巷,121.5541725,25.04258985
安和路二段209巷,121.5500285,25.0261644
芳蘭路長興街(自來水廠),121.5474342,25.0150004
忠孝東三段-臺北科技大學,121.5354236,25.04194664
重慶北三段113巷,121.5136826,25.06723971
重慶北三段昌吉街,121.5136466,25.06593072
重慶北三段伊寧街,121.5136623,25.06463981
重慶北二段民權西路,121.5135441,25.06291366
重慶北二段64巷,121.5139059,25.05597806
重慶北一段南京西路,121.5144294,25.05401925
重慶北一段長安西路,121.5139375,25.05159519
重慶北一段華陰街,121.5136412,25.05066926
重慶北一段市民一段,121.513383,25.04947419
重慶北三段酒泉街,121.5137857,25.07207819
重慶北三段哈密街,121.5138277,25.07291913
延平北二段涼州街,121.5113385,25.06063215
承德路二段錦西街,121.5182242,25.06018101
承德路二段民生西路,121.5181594,25.05732582
延平北三段昌吉街,121.5110337,25.06590959
承德路三段庫倫街,121.5186086,25.07191716
長安西路太原路,121.5154378,25.05126139
延平北一段市民一段,121.5119746,25.04991659
承德路三段敦煌路,121.520088,25.07528093
玉門街敦煌路,121.5211545,25.07487325
承德路二段民權西路,121.5182784,25.06288168
承德路三段民族西路,121.5184201,25.06856354
重慶北二段涼州街,121.5135678,25.06073078
長安西路華亭街,121.5132558,25.05175219
延平北一段長安西路,121.5118827,25.05205093
延平北一段南京西路,121.5117599,25.05386863
承德路一段市民一段,121.5164145,25.04876919
長安西路捷運淡水線,121.520089,25.05016784
長安西路70號,121.5195776,25.05031635
長安西路南京西路64巷,121.5182293,25.05061615
承德路一段長安西路,121.5170337,25.05087622
重慶北二段保安街,121.5136211,25.05924953
錦西街寧夏路,121.5147884,25.05944502
涼州街寧夏路,121.5143415,25.06081515
寧夏路靜修女中,121.515313,25.05788247
重慶北二段歸綏街,121.5136516,25.05821932
民生西路寧夏路,121.5155153,25.05703434
重慶北二段民生西路,121.5137379,25.056972
環河北二段民族西路,121.5091429,25.06869429
延平北三段民族西路,121.5108712,25.06867642
民族西路252巷,121.5122537,25.06865755
重慶北三段民族西路,121.5137449,25.06862692
民族西路大龍街,121.5158726,25.06858583
民族西路127巷,121.51679,25.06857864
民族西路玉門街,121.5197912,25.0685295
酒泉街圓山捷運站,121.5199356,25.07059664
庫倫街圓山捷運站,121.5200943,25.07181632
民權西路蘭州路,121.5147225,25.06298894
民權西路大龍街,121.5159443,25.06293995
環河北一段民生西路,121.5082153,25.05683228
民生西路民樂街,121.5107474,25.05693236
民生西路迪化街一段,121.5098388,25.05689141
民生西路西寧北路,121.5089586,25.05688795
民權西路225巷,121.5121485,25.06294087
延平北二段民權西路(母),121.5113816,25.06269872
民權西路延平北北側,121.5112584,25.06303437
延平北四段酒泉街,121.5109706,25.07211754
延平北四段迪化街二段364巷,121.5112412,25.07301163
延平北四段235巷,121.5118585,25.07588871
延平北四段迪化公園,121.5114178,25.07412229
承德路三段昌吉街,121.5183282,25.06587565
承德路二段成淵中學,121.5182428,25.06154094
承德路一段南京西路,121.5177026,25.0532392
承德路一段華陰街,121.5167707,25.04992417
承德路一段69巷,121.5173333,25.05191755
環河北二段敦煌路,121.5088292,25.07614767
環河北二段慶昌橋頭,121.5095212,25.07634423
市民一段環河北一段,121.5066397,25.05082135
環河北二段酒泉街,121.5090428,25.0721807
市民一段西寧北路,121.5081869,25.05053787
長安西路西寧北路,121.5085178,25.05197717
南京西路西寧北路,121.5086501,25.05334317
市民一段塔城街,121.5105216,25.05019684
長安西路塔城街,121.5104445,25.05202434
延平北二段民生西路,121.5115673,25.05698803
敦煌路80巷重慶國中,121.517762,25.07577493
重慶北三段320號(啟聰學校),121.5137651,25.07469493
延平北三段伊寧街,121.5111057,25.06461834
延平北三段83巷,121.5109537,25.06723236
延平北三段113巷,121.5108881,25.06821753
延平北四段迪化街二段254巷,121.5108702,25.07010859
延平北四段敦煌路,121.5120176,25.07644478
延平北四段282巷,121.5120634,25.07692309
昌吉街大龍街,121.5160449,25.06587072
大龍街215巷,121.5158726,25.07049735
酒泉街大龍街,121.5158774,25.07200537
哈密街大龍街,121.5159006,25.07303385
承德路三段122、129巷,121.5183066,25.06728757
承德路三段酒泉街,121.5184298,25.07052709
承德路三段明倫國小,121.5191399,25.0730891
承德路三段哈密街,121.5196591,25.07392731
昌吉街蘭州街,121.5157056,25.06588027
敦煌路21巷(慶昌橋),121.5171969,25.07593911
環河北一段長安西路,121.5071283,25.05237821
環河北一段南京西路,121.5073847,25.05368681
環河北一段淡3號水門(堤外),121.5061543,25.05098243
延平北二段60巷,121.5116644,25.05543635
延平北二段歸綏街,121.5114854,25.0581706
延平北二段保安街,121.5114212,25.05899268
延平北二段247巷,121.5112575,25.06223281
承德路二段平陽街,121.5181227,25.05480146
承德路二段萬全街,121.5181609,25.05843316
民生西路太原路,121.5169394,25.05716689
民生西路雙連街,121.519173,25.05744238
民權西路70巷,121.5193304,25.06286854
錦西街民權西路70巷,121.5205424,25.06032056
民生西路66巷(捷運1號出口),121.5206154,25.05763385
南京西路塔城街,121.5102994,25.05323505
南京西路25巷,121.5202239,25.05260812
南京西路赤峰街,121.5189347,25.05295375
南京西路太原路,121.5160992,25.05359006
南京西路民樂街,121.5110262,25.05382049
南京西路262巷,121.515088,25.05383904
長安西路145巷,121.5148227,25.05138518
市民一段太原路,121.5148608,25.04907956
迪化街一段歸綏街,121.5096571,25.05818174
迪化街一段涼州街,121.5093036,25.0605262
保安街甘州街,121.5128137,25.05914153
錦西街53巷,121.5159,25.05980578
錦西街雙連國小,121.5167301,25.06000416
錦西街雙連街,121.5187993,25.06021218
錦西街成淵高中(單閃),121.5192719,25.06025815
重慶北一段天水街,121.5142022,25.05345656
天水路華亭街,121.5131675,25.05295167
華陰街太原路,121.5151686,25.05027993
平陽街太原路,121.5165267,25.05512894
五原路太原路,121.5169717,25.05663644
重慶北三段236巷,121.5137798,25.07051145
大龍街重慶北三段113巷,121.5159318,25.06730561
太原路152巷,121.5163417,25.05439048
建賢街,121.5599878,25.13753687
中山北七段14巷天母東路69巷,121.5333302,25.11987096
中山北七段152、165號,121.5324392,25.12391072
中山北七段219巷3弄,121.5322893,25.12685073
中山北七段140、141巷,121.5320939,25.12301718
中山北七段114巷,121.5317897,25.12213717
中山北七段81、82巷,121.5315342,25.12148626
中山北七段38、51巷,121.5310627,25.12020459
中山北七段14巷,121.5305428,25.11887209
中山北五段378巷,121.5274501,25.09023509
中山北五段中正路,121.527914,25.09576039
中山北五段劍潭路,121.5254729,25.08409142
中山北五段文林路,121.5256239,25.0858206
中山北五段福林橋頭,121.5273515,25.09776887
中山北五段福林路,121.5280177,25.09372673
中山北五段銘傳大學,121.5267685,25.08734443
中山北六段195巷,121.5251164,25.10785256
中山北六段290巷,121.5254923,25.11034204
中山北六段405巷,121.5266332,25.11291719
中山北六段450巷,121.5273884,25.11439321
中山北六段728巷,121.5277925,25.11520169
中山北六段776巷,121.5285484,25.11637921
中山北六段克強路,121.5252687,25.10872242
中山北六段士東路,121.5259929,25.11177606
中山北六段天母東路,121.5300559,25.11828516
中山北六段德行西路,121.5248983,25.10642705
中山北六段福國路,121.525541,25.10245606
中山北六段2巷(單閃),121.5264659,25.10307373
中山北六段405巷79、80號,121.5261502,25.11696979
福國路中山北六段35巷,121.524691,25.10220725
中山北四段通河街,121.5243778,25.07978766
中正路212巷,121.5263049,25.09542582
中正路628號,121.5084498,25.08667519
中正路631號(與628同步.同控制器),121.5085531,25.08636062
中正路基河路,121.5200425,25.0933407
中正路士商路,121.5186347,25.09243995
中正路志成街,121.5302641,25.09620812
中正路文昌路,121.5218599,25.09440207
中正路文林路,121.5245993,25.09503357
中正路福壽街(美德街),121.5255233,25.09522526
中正路福港路,121.5176857,25.09182289
中正路華榮街,121.5236691,25.09482554
中正路華興街,121.522504,25.09454141
中正路通河西一段,121.5119206,25.08767947
中正重慶北百齡橋頭,121.5112973,25.08716177
仰德大道四段建業路,121.5460832,25.13564824
仰德大道一段國安局,121.5367119,25.1081195
仰德大道一段至誠路一段,121.5375478,25.10080179
仰德大道三段新安路,121.5528768,25.11894515
仰德大道三段陽明山國小,121.552975,25.11940974
仰德大道二段134巷(林語堂圖書館),121.547198,25.1094917
仰德大道二段2巷(嶺頭山莊),121.5396951,25.10191669
仰德大道二段永公路,121.5500786,25.11317396
仰德大道二段莊頂路,121.5487962,25.11066702
仰德大道一段華興中學,121.5381905,25.104281
仰德大道四段格致中學,121.5468935,25.13107275
仰德大道三段250巷,121.5498011,25.12557708
華齡街前港街,121.5193619,25.08509148
劍潭路基河路,121.5247619,25.08418853
基河路14號,121.5241581,25.0819264
基河路承德路四段179巷,121.5238842,25.08795676
基河路238號,121.5215045,25.09131918
基河路福德路,121.5209265,25.09220621
基河路300巷,121.5194187,25.09403984
基河路美崙街,121.5184242,25.09514869
基河路天文館,121.5179124,25.09564812
士商路士林高商,121.5167031,25.09485507
士東路286巷,121.5373278,25.11344312
士東路89、91巷,121.529008,25.11212775
士東路士林法院,121.5335323,25.11274863
士東路東山路,121.5391572,25.11393075
東山路忠誠路2段207巷,121.5390299,25.11639847
大南路285巷,121.5190517,25.08877215
基河路大南路,121.5227464,25.08975039
大南路福港街,121.5182078,25.08890884
天母北路天玉街,121.5264468,25.11993294
天母北路65巷,121.5267999,25.1218055
天母東路忠誠路二段,121.5346779,25.11810181
中山北七段81巷天玉街39巷,121.529361,25.122179
天玉街中山北七段141巷,121.5313139,25.12304778
天玉街38、39巷,121.5292676,25.12121947
天玉街38巷16弄,121.5293112,25.12003324
文林路小北街,121.5269884,25.09027169
基河路小西街,121.5233083,25.08892759
延平北九段206巷,121.4715984,25.10757171
延平北五段2號,121.5112548,25.07909353
延平北五段葫蘆街,121.51093,25.0800037
延平北五段83巷,121.5106087,25.08097782
延平北五段136巷,121.5103332,25.08208651
延平北五段163巷,121.5102385,25.08266243
延平北五段葫東街,121.5100855,25.08338128
延平北五段葫蘆街北,121.5099054,25.08411843
延平北五段244巷,121.5098647,25.08450825
延平北五段285巷,121.5095775,25.08570592
延平北五段中正路,121.5092624,25.08672933
延平北六段社中街南,121.5089413,25.08770607
延平北六段社正路,121.5083271,25.08865565
延平北六段150巷,121.5069374,25.08954194
延平北六段永平街,121.5052838,25.08942306
延平北六段社子街,121.5048598,25.0893712
延平北六段258巷,121.5037722,25.08938322
延平北六段社子國小,121.5027812,25.08969599
延平北六段社中街北,121.5013086,25.0903991
延平北六段倫等街,121.5002887,25.09135874
延平北六段通河西二段,121.4977407,25.09392929
延平北六段洲美快速道,121.4973743,25.09466897
延平北七段107巷,121.4947203,25.09700914
延平北七段150巷,121.4932953,25.09820773
延平北七段176、177巷,121.4919204,25.09934394
延平北七段福安國中,121.487918,25.1027585
延平北八段5巷,121.4871425,25.10335233
延平北八段135號富安國小,121.4824372,25.10593975
華齡街後港街134巷,121.5194868,25.08681412
德行東路109巷,121.5284769,25.10774611
德行東路忠義街,121.5327005,25.10920523
德行東路芝玉路,121.5341342,25.10972568
德行東路284巷,121.5359087,25.1100272
德行東路332、333巷,121.5375878,25.11027996
德行西路磺溪街,121.5230912,25.1055713
德行西路福華路東,121.5223524,25.1049005
德行西路福華路西,121.5219691,25.10462412
福華路281號,121.5215523,25.1053488
福華路磺溪街21巷,121.5215846,25.10614214
忠義街68號,121.5311695,25.10570829
忠義街30號(雨農國小),121.5301644,25.1054299
忠誠路一段173巷,121.5301566,25.1076203
忠誠路一段21、34號,121.5266192,25.10425369
忠誠路一段中山北六段,121.5248296,25.10398082
忠誠路一段德行東路,121.53033,25.10838004
忠誠路一段忠義街,121.5289995,25.10549254
忠誠路二段154巷,121.5329333,25.11493026
忠誠路二段207巷,121.5341188,25.11652066
忠誠路二段士東路,121.5310806,25.1123835
忠誠路二段蘭雅國中,121.5306252,25.11059902
忠誠路二段207巷天母國中後門,121.5375821,25.11642266
承德路五段基河路,121.5133795,25.09777024
承德路五段士商路,121.5140395,25.09609364
承德路五段55號士商路(兒童新樂園),121.5153883,25.0963673
承德路五段通河東二段10巷,121.5156151,25.09148279
承德路五段24號,121.5155072,25.09177539
承德路四段178號(百齡高中),121.5228028,25.08680651
承德路四段179巷,121.5225914,25.08736363
承德路四段195巷,121.5220159,25.08824072
承德路四段277巷,121.519823,25.08960925
承德路四段33、40巷,121.52242,25.08076513
承德路四段中正路,121.5164728,25.09099847
承德路四段劍潭路,121.5235398,25.08410817
承德路四段大南路,121.5215178,25.08880636
承德路四段後港街,121.5231255,25.08221718
承德路四段福港街,121.5183958,25.08988881
承德路四段通河街,121.522152,25.08023982
故宮路34巷,121.5471199,25.09678157
故宮路47巷,121.5474329,25.09634598
故宮路力行街,121.5484163,25.09593898
文昌路新光醫院,121.5211782,25.09611439
德行西路文林路,121.5196017,25.10326714
文林路587巷(士林橋南側),121.5236882,25.09845228
文林路615巷(士林橋北側),121.5233698,25.09963609
文林路681巷,121.5221999,25.10108414
文林路661巷,121.5225621,25.10070848
文林路714巷,121.520731,25.10226853
文林路基河路,121.5250619,25.08584918
文林路大東路北,121.5251089,25.09333503
文林路101巷(陽明戲院),121.5262303,25.08810081
東山路25巷81弄,121.5416064,25.12115567
格致路凱旋路,121.5463556,25.13677855
格致路愛富二街,121.5464322,25.1389317
格致路菁山路,121.5465348,25.1379038
環河北二段中正路,121.505499,25.08556097
大南路百齡橋頭,121.516555,25.09056304
磺溪街克強路,121.5233899,25.10896007
社中街210巷,121.5085845,25.09104619
社中街永平街,121.5051455,25.09222491
社正路社中街,121.5106077,25.08894011
文林路福國路,121.5215567,25.10161473
福德路大東路,121.5253597,25.09219279
文林路福德路,121.5259674,25.09233598
福志路福林國小側門,121.531184,25.09848105
福志路福林國小大門,121.5295648,25.09881661
福志路52巷,121.5302735,25.09904859
福林路100巷,121.5312147,25.09582158
福林路80巷(士林官邸),121.5306905,25.09546543
福林路忠勇路,121.5344654,25.09795104
福林路泰北中學,121.5337664,25.09750452
福林路自祥街,121.5329015,25.09692704
福林路雨農路,121.5321289,25.09652688
福港街百齡國小,121.5177348,25.0861667
文昌路美崙街,121.5208462,25.09681316
文林路美崙街,121.5240007,25.09731954
至善路一段福林路,121.536424,25.09928669
至善路一段福林路254巷,121.5376378,25.09815766
至善路一段138巷,121.5398766,25.09737726
至善路二段臨溪路(東吳大學),121.5424438,25.09719982
至善路二段中影文化,121.5442925,25.09711127
至善路二段故宮路,121.5465096,25.09811987
至善路二段力行街,121.5475202,25.09860372
至善路二段故宮西側(停車場),121.5491604,25.09943998
至善路二段故宮東側,121.5501114,25.10005225
至善路二段266巷,121.5509281,25.10054979
至善路二段282號,121.5519102,25.10112645
至善路二段衛理女中,121.5524577,25.10164134
至善路二段390號,121.5572056,25.10515258
至善路二段至善國中,121.5554874,25.10378538
至善路二段劍南路,121.5574644,25.10771231
至善路二段460巷,121.5571012,25.10989784
至善路三段中社路一段,121.5586333,25.11207512
至善路三段71巷,121.5664069,25.11335045
至善路三段150巷,121.5740412,25.11636989
至善路三段199號(溪山國小),121.5800511,25.11958517
至善路三段231號(楓林橋),121.5827492,25.11930135
至善路三段336巷,121.5876835,25.12467796
至善路三段聖人瀑布入口,121.5877125,25.1261364
至善路三段聖人瀑布出口,121.5874705,25.1273863
中社路二段66號(雙溪國小),121.5637733,25.10616578
至誠路一段62巷,121.5362196,25.10154156
至誠路一段雨聲街,121.5336259,25.10126458
至誠路一段雨農路,121.5329616,25.10147472
至誠路二段13號,121.5303928,25.10213751
至誠路二段中山北五段,121.5266426,25.10099444
至誠路二段雨聲街,121.5290947,25.10185544
新園街菁山路101巷(菁山小鎮),121.5618368,25.15124557
大南路通河東一段,121.515515,25.08941503
通河街2巷,121.5237014,25.07991768
通河街劍潭國小,121.5229872,25.08004808
社正街通河西二段,121.5116614,25.08906997
重慶北四段236號,121.5111447,25.08631175
重慶北四段253號(活動中心),121.5107422,25.0861713
重慶北四段49巷,121.5131082,25.0810797
重慶北四段76巷,121.5127366,25.08195738
重慶北四段72號通河西街,121.51327,25.08211818
重慶北四段葫東街,121.5118978,25.08391181
重慶北四段190巷通河西街,121.5124835,25.08485378
雨聲街165號,121.5335902,25.10238894
雨聲街陽明醫院,121.5311626,25.104605
雨農路32巷,121.5325214,25.09924834
雨農路福志路(忠勇街),121.5323705,25.09834349
福國路福華路,121.5227513,25.10187257
福華路162巷,121.5225898,25.10394631
天母西路95巷(磺溪),121.5242575,25.11857977
天母西路天母北路,121.526112,25.11844552
天母西路41巷,121.5273077,25.11843569
天母西路13巷,121.5284358,25.11841083
天母東路43巷,121.5324134,25.11802779
天母東路8巷,121.5316846,25.11801261
天母東路107巷,121.5363982,25.11811872
